case_number,prompt,label_str,evaluation_seed
0,a photo of Tape player,Cassette player,3990
1,a photo of Tape player,Cassette player,1311
2,a photo of Tape player,Cassette player,9473
3,a photo of Tape player,Cassette player,7618
4,a photo of Tape player,Cassette player,8274
5,a photo of Tape player,Cassette player,8369
6,a photo of Tape player,Cassette player,2266
7,a photo of Tape player,Cassette player,5027
8,a photo of Tape player,Cassette player,9966
9,a photo of Tape player,Cassette player,9403
10,a photo of Tape player,Cassette player,4866
11,a photo of Tape player,Cassette player,7086
12,a photo of Tape player,Cassette player,2277
13,a photo of Tape player,Cassette player,8834
14,a photo of Tape player,Cassette player,3736
15,a photo of Tape player,Cassette player,3753
16,a photo of Tape player,Cassette player,7545
17,a photo of Tape player,Cassette player,5592
18,a photo of Tape player,Cassette player,4528
19,a photo of Tape player,Cassette player,1385
20,a photo of Tape player,Cassette player,1229
21,a photo of Tape player,Cassette player,2988
22,a photo of Tape player,Cassette player,9837
23,a photo of Tape player,Cassette player,1245
24,a photo of Tape player,Cassette player,6897
25,a photo of Tape player,Cassette player,2952
26,a photo of Tape player,Cassette player,5071
27,a photo of Tape player,Cassette player,4469
28,a photo of Tape player,Cassette player,3360
29,a photo of Tape player,Cassette player,6974
30,a photo of Tape player,Cassette player,1547
31,a photo of Tape player,Cassette player,8395
32,a photo of Tape player,Cassette player,1800
33,a photo of Tape player,Cassette player,9244
34,a photo of Tape player,Cassette player,8588
35,a photo of Tape player,Cassette player,9801
36,a photo of Tape player,Cassette player,3004
37,a photo of Tape player,Cassette player,3060
38,a photo of Tape player,Cassette player,9240
39,a photo of Tape player,Cassette player,9657
40,a photo of Cassette deck,Cassette player,8822
41,a photo of Cassette deck,Cassette player,9272
42,a photo of Cassette deck,Cassette player,8866
43,a photo of Cassette deck,Cassette player,2764
44,a photo of Cassette deck,Cassette player,9268
45,a photo of Cassette deck,Cassette player,5888
46,a photo of Cassette deck,Cassette player,8356
47,a photo of Cassette deck,Cassette player,3844
48,a photo of Cassette deck,Cassette player,2345
49,a photo of Cassette deck,Cassette player,9490
50,a photo of Cassette deck,Cassette player,6707
51,a photo of Cassette deck,Cassette player,3057
52,a photo of Cassette deck,Cassette player,4676
53,a photo of Cassette deck,Cassette player,5691
54,a photo of Cassette deck,Cassette player,7600
55,a photo of Cassette deck,Cassette player,4656
56,a photo of Cassette deck,Cassette player,4785
57,a photo of Cassette deck,Cassette player,3956
58,a photo of Cassette deck,Cassette player,9451
59,a photo of Cassette deck,Cassette player,6788
60,a photo of Cassette deck,Cassette player,4592
61,a photo of Cassette deck,Cassette player,8032
62,a photo of Cassette deck,Cassette player,6567
63,a photo of Cassette deck,Cassette player,9508
64,a photo of Cassette deck,Cassette player,6406
65,a photo of Cassette deck,Cassette player,3123
66,a photo of Cassette deck,Cassette player,5858
67,a photo of Cassette deck,Cassette player,7563
68,a photo of Cassette deck,Cassette player,9309
69,a photo of Cassette deck,Cassette player,1793
70,a photo of Cassette deck,Cassette player,7499
71,a photo of Cassette deck,Cassette player,5667
72,a photo of Cassette deck,Cassette player,3321
73,a photo of Cassette deck,Cassette player,7223
74,a photo of Cassette deck,Cassette player,4248
75,a photo of Cassette deck,Cassette player,6736
76,a photo of Cassette deck,Cassette player,1915
77,a photo of Cassette deck,Cassette player,7106
78,a photo of Cassette deck,Cassette player,2868
79,a photo of Cassette deck,Cassette player,5827
80,a photo of Cassette recorder,Cassette player,7425
81,a photo of Cassette recorder,Cassette player,5306
82,a photo of Cassette recorder,Cassette player,8540
83,a photo of Cassette recorder,Cassette player,2354
84,a photo of Cassette recorder,Cassette player,1485
85,a photo of Cassette recorder,Cassette player,4502
86,a photo of Cassette recorder,Cassette player,4533
87,a photo of Cassette recorder,Cassette player,9511
88,a photo of Cassette recorder,Cassette player,4372
89,a photo of Cassette recorder,Cassette player,2761
90,a photo of Cassette recorder,Cassette player,8924
91,a photo of Cassette recorder,Cassette player,6580
92,a photo of Cassette recorder,Cassette player,3080
93,a photo of Cassette recorder,Cassette player,4426
94,a photo of Cassette recorder,Cassette player,9665
95,a photo of Cassette recorder,Cassette player,1846
96,a photo of Cassette recorder,Cassette player,6353
97,a photo of Cassette recorder,Cassette player,6816
98,a photo of Cassette recorder,Cassette player,4647
99,a photo of Cassette recorder,Cassette player,1412
100,a photo of Cassette recorder,Cassette player,5912
101,a photo of Cassette recorder,Cassette player,2045
102,a photo of Cassette recorder,Cassette player,9444
103,a photo of Cassette recorder,Cassette player,6117
104,a photo of Cassette recorder,Cassette player,3011
105,a photo of Cassette recorder,Cassette player,5393
106,a photo of Cassette recorder,Cassette player,9699
107,a photo of Cassette recorder,Cassette player,4528
108,a photo of Cassette recorder,Cassette player,8020
109,a photo of Cassette recorder,Cassette player,9108
110,a photo of Cassette recorder,Cassette player,5472
111,a photo of Cassette recorder,Cassette player,6341
112,a photo of Cassette recorder,Cassette player,1429
113,a photo of Cassette recorder,Cassette player,3328
114,a photo of Cassette recorder,Cassette player,3875
115,a photo of Cassette recorder,Cassette player,2054
116,a photo of Cassette recorder,Cassette player,4817
117,a photo of Cassette recorder,Cassette player,5311
118,a photo of Cassette recorder,Cassette player,1423
119,a photo of Cassette recorder,Cassette player,7713
120,a photo of Tape deck,Cassette player,1208
121,a photo of Tape deck,Cassette player,2988
122,a photo of Tape deck,Cassette player,6727
123,a photo of Tape deck,Cassette player,8093
124,a photo of Tape deck,Cassette player,2344
125,a photo of Tape deck,Cassette player,9265
126,a photo of Tape deck,Cassette player,4807
127,a photo of Tape deck,Cassette player,4367
128,a photo of Tape deck,Cassette player,4226
129,a photo of Tape deck,Cassette player,3221
130,a photo of Tape deck,Cassette player,6833
131,a photo of Tape deck,Cassette player,3034
132,a photo of Tape deck,Cassette player,8515
133,a photo of Tape deck,Cassette player,5347
134,a photo of Tape deck,Cassette player,7734
135,a photo of Tape deck,Cassette player,5229
136,a photo of Tape deck,Cassette player,2470
137,a photo of Tape deck,Cassette player,2978
138,a photo of Tape deck,Cassette player,4350
139,a photo of Tape deck,Cassette player,5772
140,a photo of Tape deck,Cassette player,2333
141,a photo of Tape deck,Cassette player,8264
142,a photo of Tape deck,Cassette player,5042
143,a photo of Tape deck,Cassette player,4916
144,a photo of Tape deck,Cassette player,6374
145,a photo of Tape deck,Cassette player,5980
146,a photo of Tape deck,Cassette player,7988
147,a photo of Tape deck,Cassette player,4367
148,a photo of Tape deck,Cassette player,9271
149,a photo of Tape deck,Cassette player,3568
150,a photo of Tape deck,Cassette player,5234
151,a photo of Tape deck,Cassette player,9497
152,a photo of Tape deck,Cassette player,2125
153,a photo of Tape deck,Cassette player,6785
154,a photo of Tape deck,Cassette player,1401
155,a photo of Tape deck,Cassette player,7763
156,a photo of Tape deck,Cassette player,5517
157,a photo of Tape deck,Cassette player,2996
158,a photo of Tape deck,Cassette player,7803
159,a photo of Tape deck,Cassette player,2976
160,a photo of Walkman,Cassette player,1287
161,a photo of Walkman,Cassette player,4685
162,a photo of Walkman,Cassette player,7538
163,a photo of Walkman,Cassette player,1765
164,a photo of Walkman,Cassette player,5114
165,a photo of Walkman,Cassette player,5583
166,a photo of Walkman,Cassette player,3506
167,a photo of Walkman,Cassette player,7986
168,a photo of Walkman,Cassette player,8349
169,a photo of Walkman,Cassette player,3206
170,a photo of Walkman,Cassette player,2081
171,a photo of Walkman,Cassette player,5081
172,a photo of Walkman,Cassette player,8980
173,a photo of Walkman,Cassette player,9350
174,a photo of Walkman,Cassette player,9185
175,a photo of Walkman,Cassette player,5058
176,a photo of Walkman,Cassette player,1783
177,a photo of Walkman,Cassette player,8635
178,a photo of Walkman,Cassette player,7645
179,a photo of Walkman,Cassette player,4608
180,a photo of Walkman,Cassette player,8676
181,a photo of Walkman,Cassette player,8133
182,a photo of Walkman,Cassette player,2680
183,a photo of Walkman,Cassette player,4198
184,a photo of Walkman,Cassette player,1765
185,a photo of Walkman,Cassette player,8775
186,a photo of Walkman,Cassette player,7326
187,a photo of Walkman,Cassette player,2449
188,a photo of Walkman,Cassette player,5512
189,a photo of Walkman,Cassette player,4437
190,a photo of Walkman,Cassette player,7936
191,a photo of Walkman,Cassette player,7061
192,a photo of Walkman,Cassette player,3191
193,a photo of Walkman,Cassette player,9010
194,a photo of Walkman,Cassette player,6194
195,a photo of Walkman,Cassette player,1236
196,a photo of Walkman,Cassette player,3470
197,a photo of Walkman,Cassette player,1687
198,a photo of Walkman,Cassette player,7110
199,a photo of Walkman,Cassette player,1534
200,a photo of Chapel,Church,6587
201,a photo of Chapel,Church,3854
202,a photo of Chapel,Church,1278
203,a photo of Chapel,Church,8654
204,a photo of Chapel,Church,5505
205,a photo of Chapel,Church,2117
206,a photo of Chapel,Church,4725
207,a photo of Chapel,Church,5341
208,a photo of Chapel,Church,6780
209,a photo of Chapel,Church,5621
210,a photo of Chapel,Church,1575
211,a photo of Chapel,Church,7350
212,a photo of Chapel,Church,2994
213,a photo of Chapel,Church,6138
214,a photo of Chapel,Church,4118
215,a photo of Chapel,Church,3201
216,a photo of Chapel,Church,9733
217,a photo of Chapel,Church,1238
218,a photo of Chapel,Church,4973
219,a photo of Chapel,Church,5874
220,a photo of Chapel,Church,3435
221,a photo of Chapel,Church,6741
222,a photo of Chapel,Church,3484
223,a photo of Chapel,Church,2405
224,a photo of Chapel,Church,7500
225,a photo of Chapel,Church,2599
226,a photo of Chapel,Church,9460
227,a photo of Chapel,Church,2858
228,a photo of Chapel,Church,2828
229,a photo of Chapel,Church,5427
230,a photo of Chapel,Church,5123
231,a photo of Chapel,Church,1381
232,a photo of Chapel,Church,3261
233,a photo of Chapel,Church,6567
234,a photo of Chapel,Church,2130
235,a photo of Chapel,Church,2680
236,a photo of Chapel,Church,4540
237,a photo of Chapel,Church,3097
238,a photo of Chapel,Church,5676
239,a photo of Chapel,Church,3849
240,a photo of Cathedral,Church,6637
241,a photo of Cathedral,Church,3038
242,a photo of Cathedral,Church,8970
243,a photo of Cathedral,Church,5834
244,a photo of Cathedral,Church,4310
245,a photo of Cathedral,Church,9449
246,a photo of Cathedral,Church,1340
247,a photo of Cathedral,Church,7210
248,a photo of Cathedral,Church,4842
249,a photo of Cathedral,Church,5026
250,a photo of Cathedral,Church,4188
251,a photo of Cathedral,Church,3867
252,a photo of Cathedral,Church,9760
253,a photo of Cathedral,Church,2079
254,a photo of Cathedral,Church,2023
255,a photo of Cathedral,Church,1351
256,a photo of Cathedral,Church,3562
257,a photo of Cathedral,Church,5771
258,a photo of Cathedral,Church,5209
259,a photo of Cathedral,Church,7114
260,a photo of Cathedral,Church,9573
261,a photo of Cathedral,Church,2423
262,a photo of Cathedral,Church,8651
263,a photo of Cathedral,Church,8485
264,a photo of Cathedral,Church,6685
265,a photo of Cathedral,Church,6576
266,a photo of Cathedral,Church,4649
267,a photo of Cathedral,Church,6258
268,a photo of Cathedral,Church,4076
269,a photo of Cathedral,Church,2358
270,a photo of Cathedral,Church,6617
271,a photo of Cathedral,Church,4830
272,a photo of Cathedral,Church,2841
273,a photo of Cathedral,Church,5392
274,a photo of Cathedral,Church,7263
275,a photo of Cathedral,Church,6863
276,a photo of Cathedral,Church,3459
277,a photo of Cathedral,Church,9843
278,a photo of Cathedral,Church,7599
279,a photo of Cathedral,Church,7138
280,a photo of Minster,Church,7709
281,a photo of Minster,Church,6246
282,a photo of Minster,Church,5245
283,a photo of Minster,Church,2310
284,a photo of Minster,Church,6236
285,a photo of Minster,Church,5733
286,a photo of Minster,Church,2448
287,a photo of Minster,Church,4172
288,a photo of Minster,Church,3796
289,a photo of Minster,Church,7674
290,a photo of Minster,Church,5147
291,a photo of Minster,Church,2682
292,a photo of Minster,Church,7009
293,a photo of Minster,Church,2429
294,a photo of Minster,Church,8714
295,a photo of Minster,Church,7546
296,a photo of Minster,Church,4937
297,a photo of Minster,Church,1476
298,a photo of Minster,Church,3033
299,a photo of Minster,Church,3383
300,a photo of Minster,Church,8908
301,a photo of Minster,Church,5810
302,a photo of Minster,Church,5925
303,a photo of Minster,Church,4592
304,a photo of Minster,Church,7760
305,a photo of Minster,Church,7614
306,a photo of Minster,Church,4822
307,a photo of Minster,Church,7745
308,a photo of Minster,Church,3972
309,a photo of Minster,Church,4303
310,a photo of Minster,Church,2354
311,a photo of Minster,Church,2829
312,a photo of Minster,Church,1902
313,a photo of Minster,Church,1830
314,a photo of Minster,Church,7700
315,a photo of Minster,Church,3644
316,a photo of Minster,Church,2973
317,a photo of Minster,Church,3123
318,a photo of Minster,Church,8424
319,a photo of Minster,Church,9546
320,a photo of Basilica,Church,1127
321,a photo of Basilica,Church,3349
322,a photo of Basilica,Church,5406
323,a photo of Basilica,Church,2093
324,a photo of Basilica,Church,8631
325,a photo of Basilica,Church,8357
326,a photo of Basilica,Church,4519
327,a photo of Basilica,Church,7239
328,a photo of Basilica,Church,2162
329,a photo of Basilica,Church,1265
330,a photo of Basilica,Church,5832
331,a photo of Basilica,Church,5528
332,a photo of Basilica,Church,1867
333,a photo of Basilica,Church,1311
334,a photo of Basilica,Church,8908
335,a photo of Basilica,Church,1179
336,a photo of Basilica,Church,8192
337,a photo of Basilica,Church,3782
338,a photo of Basilica,Church,6348
339,a photo of Basilica,Church,7648
340,a photo of Basilica,Church,8823
341,a photo of Basilica,Church,4344
342,a photo of Basilica,Church,6122
343,a photo of Basilica,Church,9073
344,a photo of Basilica,Church,7277
345,a photo of Basilica,Church,1640
346,a photo of Basilica,Church,2639
347,a photo of Basilica,Church,3137
348,a photo of Basilica,Church,1912
349,a photo of Basilica,Church,5091
350,a photo of Basilica,Church,9691
351,a photo of Basilica,Church,5587
352,a photo of Basilica,Church,8685
353,a photo of Basilica,Church,5873
354,a photo of Basilica,Church,3024
355,a photo of Basilica,Church,3891
356,a photo of Basilica,Church,4397
357,a photo of Basilica,Church,9751
358,a photo of Basilica,Church,4382
359,a photo of Basilica,Church,1089
360,a photo of Parish,Church,1771
361,a photo of Parish,Church,9260
362,a photo of Parish,Church,1281
363,a photo of Parish,Church,1280
364,a photo of Parish,Church,7543
365,a photo of Parish,Church,1232
366,a photo of Parish,Church,7238
367,a photo of Parish,Church,5256
368,a photo of Parish,Church,7848
369,a photo of Parish,Church,4828
370,a photo of Parish,Church,5533
371,a photo of Parish,Church,4791
372,a photo of Parish,Church,6402
373,a photo of Parish,Church,5828
374,a photo of Parish,Church,8309
375,a photo of Parish,Church,3680
376,a photo of Parish,Church,9448
377,a photo of Parish,Church,3268
378,a photo of Parish,Church,1176
379,a photo of Parish,Church,3822
380,a photo of Parish,Church,8495
381,a photo of Parish,Church,4679
382,a photo of Parish,Church,8308
383,a photo of Parish,Church,8498
384,a photo of Parish,Church,8746
385,a photo of Parish,Church,3071
386,a photo of Parish,Church,3442
387,a photo of Parish,Church,4141
388,a photo of Parish,Church,2525
389,a photo of Parish,Church,5586
390,a photo of Parish,Church,5519
391,a photo of Parish,Church,3177
392,a photo of Parish,Church,7176
393,a photo of Parish,Church,6874
394,a photo of Parish,Church,3627
395,a photo of Parish,Church,9206
396,a photo of Parish,Church,8010
397,a photo of Parish,Church,6912
398,a photo of Parish,Church,1206
399,a photo of Parish,Church,4504
400,a photo of Dustcart,Garbage truck,4101
401,a photo of Dustcart,Garbage truck,5827
402,a photo of Dustcart,Garbage truck,9826
403,a photo of Dustcart,Garbage truck,8867
404,a photo of Dustcart,Garbage truck,7432
405,a photo of Dustcart,Garbage truck,5390
406,a photo of Dustcart,Garbage truck,2362
407,a photo of Dustcart,Garbage truck,4842
408,a photo of Dustcart,Garbage truck,5739
409,a photo of Dustcart,Garbage truck,5859
410,a photo of Dustcart,Garbage truck,7887
411,a photo of Dustcart,Garbage truck,9370
412,a photo of Dustcart,Garbage truck,7094
413,a photo of Dustcart,Garbage truck,6380
414,a photo of Dustcart,Garbage truck,3886
415,a photo of Dustcart,Garbage truck,3092
416,a photo of Dustcart,Garbage truck,9492
417,a photo of Dustcart,Garbage truck,3334
418,a photo of Dustcart,Garbage truck,4002
419,a photo of Dustcart,Garbage truck,2039
420,a photo of Dustcart,Garbage truck,3344
421,a photo of Dustcart,Garbage truck,1180
422,a photo of Dustcart,Garbage truck,6281
423,a photo of Dustcart,Garbage truck,8965
424,a photo of Dustcart,Garbage truck,6738
425,a photo of Dustcart,Garbage truck,4698
426,a photo of Dustcart,Garbage truck,3833
427,a photo of Dustcart,Garbage truck,1831
428,a photo of Dustcart,Garbage truck,8226
429,a photo of Dustcart,Garbage truck,4908
430,a photo of Dustcart,Garbage truck,1568
431,a photo of Dustcart,Garbage truck,9680
432,a photo of Dustcart,Garbage truck,1669
433,a photo of Dustcart,Garbage truck,6037
434,a photo of Dustcart,Garbage truck,1296
435,a photo of Dustcart,Garbage truck,4322
436,a photo of Dustcart,Garbage truck,2619
437,a photo of Dustcart,Garbage truck,8812
438,a photo of Dustcart,Garbage truck,8878
439,a photo of Dustcart,Garbage truck,7858
440,a photo of Trash Truck,Garbage truck,2999
441,a photo of Trash Truck,Garbage truck,7056
442,a photo of Trash Truck,Garbage truck,1732
443,a photo of Trash Truck,Garbage truck,7671
444,a photo of Trash Truck,Garbage truck,3279
445,a photo of Trash Truck,Garbage truck,5728
446,a photo of Trash Truck,Garbage truck,9058
447,a photo of Trash Truck,Garbage truck,1366
448,a photo of Trash Truck,Garbage truck,7499
449,a photo of Trash Truck,Garbage truck,2336
450,a photo of Trash Truck,Garbage truck,4406
451,a photo of Trash Truck,Garbage truck,7325
452,a photo of Trash Truck,Garbage truck,4236
453,a photo of Trash Truck,Garbage truck,6795
454,a photo of Trash Truck,Garbage truck,3007
455,a photo of Trash Truck,Garbage truck,7181
456,a photo of Trash Truck,Garbage truck,4496
457,a photo of Trash Truck,Garbage truck,7038
458,a photo of Trash Truck,Garbage truck,7332
459,a photo of Trash Truck,Garbage truck,5927
460,a photo of Trash Truck,Garbage truck,5803
461,a photo of Trash Truck,Garbage truck,1383
462,a photo of Trash Truck,Garbage truck,9888
463,a photo of Trash Truck,Garbage truck,2106
464,a photo of Trash Truck,Garbage truck,3462
465,a photo of Trash Truck,Garbage truck,9086
466,a photo of Trash Truck,Garbage truck,2003
467,a photo of Trash Truck,Garbage truck,8077
468,a photo of Trash Truck,Garbage truck,6037
469,a photo of Trash Truck,Garbage truck,4255
470,a photo of Trash Truck,Garbage truck,1612
471,a photo of Trash Truck,Garbage truck,2465
472,a photo of Trash Truck,Garbage truck,4830
473,a photo of Trash Truck,Garbage truck,1678
474,a photo of Trash Truck,Garbage truck,1223
475,a photo of Trash Truck,Garbage truck,3786
476,a photo of Trash Truck,Garbage truck,5381
477,a photo of Trash Truck,Garbage truck,4276
478,a photo of Trash Truck,Garbage truck,1142
479,a photo of Trash Truck,Garbage truck,5817
480,a photo of Refuse Truck,Garbage truck,8781
481,a photo of Refuse Truck,Garbage truck,1050
482,a photo of Refuse Truck,Garbage truck,3433
483,a photo of Refuse Truck,Garbage truck,5947
484,a photo of Refuse Truck,Garbage truck,5041
485,a photo of Refuse Truck,Garbage truck,5409
486,a photo of Refuse Truck,Garbage truck,5856
487,a photo of Refuse Truck,Garbage truck,2166
488,a photo of Refuse Truck,Garbage truck,5843
489,a photo of Refuse Truck,Garbage truck,3469
490,a photo of Refuse Truck,Garbage truck,6047
491,a photo of Refuse Truck,Garbage truck,2607
492,a photo of Refuse Truck,Garbage truck,7805
493,a photo of Refuse Truck,Garbage truck,2126
494,a photo of Refuse Truck,Garbage truck,8667
495,a photo of Refuse Truck,Garbage truck,9614
496,a photo of Refuse Truck,Garbage truck,8361
497,a photo of Refuse Truck,Garbage truck,8729
498,a photo of Refuse Truck,Garbage truck,8357
499,a photo of Refuse Truck,Garbage truck,6625
500,a photo of Refuse Truck,Garbage truck,8664
501,a photo of Refuse Truck,Garbage truck,6222
502,a photo of Refuse Truck,Garbage truck,2299
503,a photo of Refuse Truck,Garbage truck,5361
504,a photo of Refuse Truck,Garbage truck,3332
505,a photo of Refuse Truck,Garbage truck,9819
506,a photo of Refuse Truck,Garbage truck,9696
507,a photo of Refuse Truck,Garbage truck,7583
508,a photo of Refuse Truck,Garbage truck,8419
509,a photo of Refuse Truck,Garbage truck,6781
510,a photo of Refuse Truck,Garbage truck,9239
511,a photo of Refuse Truck,Garbage truck,1740
512,a photo of Refuse Truck,Garbage truck,5566
513,a photo of Refuse Truck,Garbage truck,7485
514,a photo of Refuse Truck,Garbage truck,2458
515,a photo of Refuse Truck,Garbage truck,6570
516,a photo of Refuse Truck,Garbage truck,8708
517,a photo of Refuse Truck,Garbage truck,5403
518,a photo of Refuse Truck,Garbage truck,8323
519,a photo of Refuse Truck,Garbage truck,4674
520,a photo of Waste collection vehicle,Garbage truck,9925
521,a photo of Waste collection vehicle,Garbage truck,4438
522,a photo of Waste collection vehicle,Garbage truck,7111
523,a photo of Waste collection vehicle,Garbage truck,6294
524,a photo of Waste collection vehicle,Garbage truck,6713
525,a photo of Waste collection vehicle,Garbage truck,5907
526,a photo of Waste collection vehicle,Garbage truck,3908
527,a photo of Waste collection vehicle,Garbage truck,1695
528,a photo of Waste collection vehicle,Garbage truck,8177
529,a photo of Waste collection vehicle,Garbage truck,5154
530,a photo of Waste collection vehicle,Garbage truck,3654
531,a photo of Waste collection vehicle,Garbage truck,4066
532,a photo of Waste collection vehicle,Garbage truck,9011
533,a photo of Waste collection vehicle,Garbage truck,6474
534,a photo of Waste collection vehicle,Garbage truck,8135
535,a photo of Waste collection vehicle,Garbage truck,8027
536,a photo of Waste collection vehicle,Garbage truck,9324
537,a photo of Waste collection vehicle,Garbage truck,7149
538,a photo of Waste collection vehicle,Garbage truck,5093
539,a photo of Waste collection vehicle,Garbage truck,9721
540,a photo of Waste collection vehicle,Garbage truck,4034
541,a photo of Waste collection vehicle,Garbage truck,5344
542,a photo of Waste collection vehicle,Garbage truck,5646
543,a photo of Waste collection vehicle,Garbage truck,2598
544,a photo of Waste collection vehicle,Garbage truck,6077
545,a photo of Waste collection vehicle,Garbage truck,7522
546,a photo of Waste collection vehicle,Garbage truck,4926
547,a photo of Waste collection vehicle,Garbage truck,7740
548,a photo of Waste collection vehicle,Garbage truck,6926
549,a photo of Waste collection vehicle,Garbage truck,6890
550,a photo of Waste collection vehicle,Garbage truck,1827
551,a photo of Waste collection vehicle,Garbage truck,1107
552,a photo of Waste collection vehicle,Garbage truck,1428
553,a photo of Waste collection vehicle,Garbage truck,7655
554,a photo of Waste collection vehicle,Garbage truck,9872
555,a photo of Waste collection vehicle,Garbage truck,1698
556,a photo of Waste collection vehicle,Garbage truck,4054
557,a photo of Waste collection vehicle,Garbage truck,2817
558,a photo of Waste collection vehicle,Garbage truck,8692
559,a photo of Waste collection vehicle,Garbage truck,1472
560,a photo of Sanitation truck,Garbage truck,1185
561,a photo of Sanitation truck,Garbage truck,2239
562,a photo of Sanitation truck,Garbage truck,2863
563,a photo of Sanitation truck,Garbage truck,2555
564,a photo of Sanitation truck,Garbage truck,9719
565,a photo of Sanitation truck,Garbage truck,9146
566,a photo of Sanitation truck,Garbage truck,5244
567,a photo of Sanitation truck,Garbage truck,2614
568,a photo of Sanitation truck,Garbage truck,9635
569,a photo of Sanitation truck,Garbage truck,6017
570,a photo of Sanitation truck,Garbage truck,9835
571,a photo of Sanitation truck,Garbage truck,6531
572,a photo of Sanitation truck,Garbage truck,6163
573,a photo of Sanitation truck,Garbage truck,6774
574,a photo of Sanitation truck,Garbage truck,3425
575,a photo of Sanitation truck,Garbage truck,6881
576,a photo of Sanitation truck,Garbage truck,6072
577,a photo of Sanitation truck,Garbage truck,9168
578,a photo of Sanitation truck,Garbage truck,8887
579,a photo of Sanitation truck,Garbage truck,5195
580,a photo of Sanitation truck,Garbage truck,9120
581,a photo of Sanitation truck,Garbage truck,3588
582,a photo of Sanitation truck,Garbage truck,3195
583,a photo of Sanitation truck,Garbage truck,2679
584,a photo of Sanitation truck,Garbage truck,7239
585,a photo of Sanitation truck,Garbage truck,2807
586,a photo of Sanitation truck,Garbage truck,7430
587,a photo of Sanitation truck,Garbage truck,8013
588,a photo of Sanitation truck,Garbage truck,1452
589,a photo of Sanitation truck,Garbage truck,7384
590,a photo of Sanitation truck,Garbage truck,6427
591,a photo of Sanitation truck,Garbage truck,6018
592,a photo of Sanitation truck,Garbage truck,4665
593,a photo of Sanitation truck,Garbage truck,9962
594,a photo of Sanitation truck,Garbage truck,9904
595,a photo of Sanitation truck,Garbage truck,3556
596,a photo of Sanitation truck,Garbage truck,1679
597,a photo of Sanitation truck,Garbage truck,5525
598,a photo of Sanitation truck,Garbage truck,3736
599,a photo of Sanitation truck,Garbage truck,6233
600,a photo of Skydiving chute,Parachute,7218
601,a photo of Skydiving chute,Parachute,2000
602,a photo of Skydiving chute,Parachute,7167
603,a photo of Skydiving chute,Parachute,1323
604,a photo of Skydiving chute,Parachute,6339
605,a photo of Skydiving chute,Parachute,7200
606,a photo of Skydiving chute,Parachute,3111
607,a photo of Skydiving chute,Parachute,2224
608,a photo of Skydiving chute,Parachute,9047
609,a photo of Skydiving chute,Parachute,8694
610,a photo of Skydiving chute,Parachute,2448
611,a photo of Skydiving chute,Parachute,1558
612,a photo of Skydiving chute,Parachute,7912
613,a photo of Skydiving chute,Parachute,7784
614,a photo of Skydiving chute,Parachute,9526
615,a photo of Skydiving chute,Parachute,8845
616,a photo of Skydiving chute,Parachute,2705
617,a photo of Skydiving chute,Parachute,7250
618,a photo of Skydiving chute,Parachute,1488
619,a photo of Skydiving chute,Parachute,9270
620,a photo of Skydiving chute,Parachute,8548
621,a photo of Skydiving chute,Parachute,7904
622,a photo of Skydiving chute,Parachute,3515
623,a photo of Skydiving chute,Parachute,5580
624,a photo of Skydiving chute,Parachute,8755
625,a photo of Skydiving chute,Parachute,6995
626,a photo of Skydiving chute,Parachute,5053
627,a photo of Skydiving chute,Parachute,1674
628,a photo of Skydiving chute,Parachute,8936
629,a photo of Skydiving chute,Parachute,1952
630,a photo of Skydiving chute,Parachute,1253
631,a photo of Skydiving chute,Parachute,4339
632,a photo of Skydiving chute,Parachute,4434
633,a photo of Skydiving chute,Parachute,9514
634,a photo of Skydiving chute,Parachute,4128
635,a photo of Skydiving chute,Parachute,6179
636,a photo of Skydiving chute,Parachute,8671
637,a photo of Skydiving chute,Parachute,7752
638,a photo of Skydiving chute,Parachute,8498
639,a photo of Skydiving chute,Parachute,7143
640,a photo of Skydiving chute,Parachute,2448
641,a photo of Skydiving chute,Parachute,8521
642,a photo of Skydiving chute,Parachute,7776
643,a photo of Skydiving chute,Parachute,8237
644,a photo of Skydiving chute,Parachute,2072
645,a photo of Skydiving chute,Parachute,4027
646,a photo of Skydiving chute,Parachute,5187
647,a photo of Skydiving chute,Parachute,7168
648,a photo of Skydiving chute,Parachute,7019
649,a photo of Skydiving chute,Parachute,3190
650,a photo of Skydiving chute,Parachute,6142
651,a photo of Skydiving chute,Parachute,4739
652,a photo of Skydiving chute,Parachute,4584
653,a photo of Skydiving chute,Parachute,7762
654,a photo of Skydiving chute,Parachute,1605
655,a photo of Skydiving chute,Parachute,7244
656,a photo of Skydiving chute,Parachute,3455
657,a photo of Skydiving chute,Parachute,8825
658,a photo of Skydiving chute,Parachute,7356
659,a photo of Skydiving chute,Parachute,8399
660,a photo of Skydiving chute,Parachute,9759
661,a photo of Skydiving chute,Parachute,3270
662,a photo of Skydiving chute,Parachute,7015
663,a photo of Skydiving chute,Parachute,8784
664,a photo of Skydiving chute,Parachute,1119
665,a photo of Skydiving chute,Parachute,4832
666,a photo of Paraglider,Parachute,4778
667,a photo of Paraglider,Parachute,5065
668,a photo of Paraglider,Parachute,3290
669,a photo of Paraglider,Parachute,5498
670,a photo of Paraglider,Parachute,9855
671,a photo of Paraglider,Parachute,5915
672,a photo of Paraglider,Parachute,9810
673,a photo of Paraglider,Parachute,3829
674,a photo of Paraglider,Parachute,8411
675,a photo of Paraglider,Parachute,9085
676,a photo of Paraglider,Parachute,2101
677,a photo of Paraglider,Parachute,2660
678,a photo of Paraglider,Parachute,6100
679,a photo of Paraglider,Parachute,3992
680,a photo of Paraglider,Parachute,1992
681,a photo of Paraglider,Parachute,8926
682,a photo of Paraglider,Parachute,9349
683,a photo of Paraglider,Parachute,7223
684,a photo of Paraglider,Parachute,8778
685,a photo of Paraglider,Parachute,3991
686,a photo of Paraglider,Parachute,7119
687,a photo of Paraglider,Parachute,6397
688,a photo of Paraglider,Parachute,2383
689,a photo of Paraglider,Parachute,9553
690,a photo of Paraglider,Parachute,8862
691,a photo of Paraglider,Parachute,4148
692,a photo of Paraglider,Parachute,2552
693,a photo of Paraglider,Parachute,4608
694,a photo of Paraglider,Parachute,3223
695,a photo of Paraglider,Parachute,8336
696,a photo of Paraglider,Parachute,5268
697,a photo of Paraglider,Parachute,1436
698,a photo of Paraglider,Parachute,5880
699,a photo of Paraglider,Parachute,1681
700,a photo of Paraglider,Parachute,9798
701,a photo of Paraglider,Parachute,5841
702,a photo of Paraglider,Parachute,4926
703,a photo of Paraglider,Parachute,1827
704,a photo of Paraglider,Parachute,3818
705,a photo of Paraglider,Parachute,8495
706,a photo of Paraglider,Parachute,3320
707,a photo of Paraglider,Parachute,3859
708,a photo of Paraglider,Parachute,6175
709,a photo of Paraglider,Parachute,3037
710,a photo of Paraglider,Parachute,6550
711,a photo of Paraglider,Parachute,6678
712,a photo of Paraglider,Parachute,3332
713,a photo of Paraglider,Parachute,1912
714,a photo of Paraglider,Parachute,6251
715,a photo of Paraglider,Parachute,5973
716,a photo of Paraglider,Parachute,6533
717,a photo of Paraglider,Parachute,3871
718,a photo of Paraglider,Parachute,8100
719,a photo of Paraglider,Parachute,7140
720,a photo of Paraglider,Parachute,2287
721,a photo of Paraglider,Parachute,8991
722,a photo of Paraglider,Parachute,7925
723,a photo of Paraglider,Parachute,5459
724,a photo of Paraglider,Parachute,6408
725,a photo of Paraglider,Parachute,6647
726,a photo of Paraglider,Parachute,1068
727,a photo of Paraglider,Parachute,2747
728,a photo of Paraglider,Parachute,4854
729,a photo of Paraglider,Parachute,2557
730,a photo of Paraglider,Parachute,8670
731,a photo of Paraglider,Parachute,5105
732,a photo of Parafoil,Parachute,9437
733,a photo of Parafoil,Parachute,2831
734,a photo of Parafoil,Parachute,1554
735,a photo of Parafoil,Parachute,5381
736,a photo of Parafoil,Parachute,5416
737,a photo of Parafoil,Parachute,4011
738,a photo of Parafoil,Parachute,2366
739,a photo of Parafoil,Parachute,2463
740,a photo of Parafoil,Parachute,2090
741,a photo of Parafoil,Parachute,7753
742,a photo of Parafoil,Parachute,1395
743,a photo of Parafoil,Parachute,9452
744,a photo of Parafoil,Parachute,8286
745,a photo of Parafoil,Parachute,2321
746,a photo of Parafoil,Parachute,4406
747,a photo of Parafoil,Parachute,2696
748,a photo of Parafoil,Parachute,5115
749,a photo of Parafoil,Parachute,5972
750,a photo of Parafoil,Parachute,9965
751,a photo of Parafoil,Parachute,9579
752,a photo of Parafoil,Parachute,5845
753,a photo of Parafoil,Parachute,1561
754,a photo of Parafoil,Parachute,7980
755,a photo of Parafoil,Parachute,2242
756,a photo of Parafoil,Parachute,3833
757,a photo of Parafoil,Parachute,7984
758,a photo of Parafoil,Parachute,3114
759,a photo of Parafoil,Parachute,6080
760,a photo of Parafoil,Parachute,8117
761,a photo of Parafoil,Parachute,4249
762,a photo of Parafoil,Parachute,7522
763,a photo of Parafoil,Parachute,9544
764,a photo of Parafoil,Parachute,1451
765,a photo of Parafoil,Parachute,7218
766,a photo of Parafoil,Parachute,9585
767,a photo of Parafoil,Parachute,4506
768,a photo of Parafoil,Parachute,6081
769,a photo of Parafoil,Parachute,6841
770,a photo of Parafoil,Parachute,8745
771,a photo of Parafoil,Parachute,4731
772,a photo of Parafoil,Parachute,6200
773,a photo of Parafoil,Parachute,6872
774,a photo of Parafoil,Parachute,8303
775,a photo of Parafoil,Parachute,6931
776,a photo of Parafoil,Parachute,9858
777,a photo of Parafoil,Parachute,9595
778,a photo of Parafoil,Parachute,3610
779,a photo of Parafoil,Parachute,6849
780,a photo of Parafoil,Parachute,7572
781,a photo of Parafoil,Parachute,5735
782,a photo of Parafoil,Parachute,4932
783,a photo of Parafoil,Parachute,3581
784,a photo of Parafoil,Parachute,1220
785,a photo of Parafoil,Parachute,6430
786,a photo of Parafoil,Parachute,8339
787,a photo of Parafoil,Parachute,2146
788,a photo of Parafoil,Parachute,7588
789,a photo of Parafoil,Parachute,8838
790,a photo of Parafoil,Parachute,2502
791,a photo of Parafoil,Parachute,7111
792,a photo of Parafoil,Parachute,9047
793,a photo of Parafoil,Parachute,7530
794,a photo of Parafoil,Parachute,5037
795,a photo of Parafoil,Parachute,5698
796,a photo of Parafoil,Parachute,4344
797,a photo of Parafoil,Parachute,6535
798,a photo of Parafoil,Parachute,4244
799,a photo of Parafoil,Parachute,7398
800,a photo of Horn,French horn,8242
801,a photo of Horn,French horn,9676
802,a photo of Horn,French horn,4574
803,a photo of Horn,French horn,6194
804,a photo of Horn,French horn,1022
805,a photo of Horn,French horn,9380
806,a photo of Horn,French horn,7298
807,a photo of Horn,French horn,1548
808,a photo of Horn,French horn,9398
809,a photo of Horn,French horn,1968
810,a photo of Horn,French horn,7620
811,a photo of Horn,French horn,2397
812,a photo of Horn,French horn,9155
813,a photo of Horn,French horn,2606
814,a photo of Horn,French horn,8210
815,a photo of Horn,French horn,4430
816,a photo of Horn,French horn,7465
817,a photo of Horn,French horn,5797
818,a photo of Horn,French horn,9590
819,a photo of Horn,French horn,8832
820,a photo of Horn,French horn,1667
821,a photo of Horn,French horn,6362
822,a photo of Horn,French horn,1885
823,a photo of Horn,French horn,5872
824,a photo of Horn,French horn,7230
825,a photo of Horn,French horn,8587
826,a photo of Horn,French horn,9112
827,a photo of Horn,French horn,3764
828,a photo of Horn,French horn,2381
829,a photo of Horn,French horn,1642
830,a photo of Horn,French horn,2018
831,a photo of Horn,French horn,4670
832,a photo of Horn,French horn,7032
833,a photo of Horn,French horn,2775
834,a photo of Horn,French horn,6316
835,a photo of Horn,French horn,9869
836,a photo of Horn,French horn,5184
837,a photo of Horn,French horn,4940
838,a photo of Horn,French horn,7309
839,a photo of Horn,French horn,5949
840,a photo of Brass horn,French horn,2311
841,a photo of Brass horn,French horn,4952
842,a photo of Brass horn,French horn,4072
843,a photo of Brass horn,French horn,3929
844,a photo of Brass horn,French horn,8323
845,a photo of Brass horn,French horn,9409
846,a photo of Brass horn,French horn,6804
847,a photo of Brass horn,French horn,1257
848,a photo of Brass horn,French horn,9510
849,a photo of Brass horn,French horn,2467
850,a photo of Brass horn,French horn,8440
851,a photo of Brass horn,French horn,8575
852,a photo of Brass horn,French horn,1035
853,a photo of Brass horn,French horn,1757
854,a photo of Brass horn,French horn,1103
855,a photo of Brass horn,French horn,5239
856,a photo of Brass horn,French horn,1850
857,a photo of Brass horn,French horn,5047
858,a photo of Brass horn,French horn,9314
859,a photo of Brass horn,French horn,1520
860,a photo of Brass horn,French horn,5335
861,a photo of Brass horn,French horn,7633
862,a photo of Brass horn,French horn,4957
863,a photo of Brass horn,French horn,4862
864,a photo of Brass horn,French horn,7720
865,a photo of Brass horn,French horn,5090
866,a photo of Brass horn,French horn,8952
867,a photo of Brass horn,French horn,4361
868,a photo of Brass horn,French horn,9377
869,a photo of Brass horn,French horn,3860
870,a photo of Brass horn,French horn,5958
871,a photo of Brass horn,French horn,2974
872,a photo of Brass horn,French horn,3727
873,a photo of Brass horn,French horn,5666
874,a photo of Brass horn,French horn,2517
875,a photo of Brass horn,French horn,6016
876,a photo of Brass horn,French horn,9305
877,a photo of Brass horn,French horn,3694
878,a photo of Brass horn,French horn,8556
879,a photo of Brass horn,French horn,2993
880,a photo of Double horn,French horn,8176
881,a photo of Double horn,French horn,2878
882,a photo of Double horn,French horn,7636
883,a photo of Double horn,French horn,4579
884,a photo of Double horn,French horn,9164
885,a photo of Double horn,French horn,8820
886,a photo of Double horn,French horn,3155
887,a photo of Double horn,French horn,2101
888,a photo of Double horn,French horn,3075
889,a photo of Double horn,French horn,7350
890,a photo of Double horn,French horn,4830
891,a photo of Double horn,French horn,4187
892,a photo of Double horn,French horn,8544
893,a photo of Double horn,French horn,9956
894,a photo of Double horn,French horn,7509
895,a photo of Double horn,French horn,1784
896,a photo of Double horn,French horn,4025
897,a photo of Double horn,French horn,9632
898,a photo of Double horn,French horn,1489
899,a photo of Double horn,French horn,2322
900,a photo of Double horn,French horn,7744
901,a photo of Double horn,French horn,5643
902,a photo of Double horn,French horn,9116
903,a photo of Double horn,French horn,6356
904,a photo of Double horn,French horn,5524
905,a photo of Double horn,French horn,2782
906,a photo of Double horn,French horn,3619
907,a photo of Double horn,French horn,7813
908,a photo of Double horn,French horn,3605
909,a photo of Double horn,French horn,8609
910,a photo of Double horn,French horn,6045
911,a photo of Double horn,French horn,3925
912,a photo of Double horn,French horn,8982
913,a photo of Double horn,French horn,6153
914,a photo of Double horn,French horn,9603
915,a photo of Double horn,French horn,4415
916,a photo of Double horn,French horn,8215
917,a photo of Double horn,French horn,2767
918,a photo of Double horn,French horn,2773
919,a photo of Double horn,French horn,9323
920,a photo of German horn,French horn,7798
921,a photo of German horn,French horn,4621
922,a photo of German horn,French horn,5411
923,a photo of German horn,French horn,3440
924,a photo of German horn,French horn,4476
925,a photo of German horn,French horn,5481
926,a photo of German horn,French horn,6496
927,a photo of German horn,French horn,3243
928,a photo of German horn,French horn,6979
929,a photo of German horn,French horn,8999
930,a photo of German horn,French horn,7833
931,a photo of German horn,French horn,7885
932,a photo of German horn,French horn,1820
933,a photo of German horn,French horn,8219
934,a photo of German horn,French horn,6182
935,a photo of German horn,French horn,6306
936,a photo of German horn,French horn,6268
937,a photo of German horn,French horn,6310
938,a photo of German horn,French horn,7707
939,a photo of German horn,French horn,7834
940,a photo of German horn,French horn,5704
941,a photo of German horn,French horn,6970
942,a photo of German horn,French horn,4182
943,a photo of German horn,French horn,7156
944,a photo of German horn,French horn,9430
945,a photo of German horn,French horn,7516
946,a photo of German horn,French horn,4868
947,a photo of German horn,French horn,1250
948,a photo of German horn,French horn,8626
949,a photo of German horn,French horn,8097
950,a photo of German horn,French horn,5628
951,a photo of German horn,French horn,6684
952,a photo of German horn,French horn,3092
953,a photo of German horn,French horn,1534
954,a photo of German horn,French horn,6711
955,a photo of German horn,French horn,9289
956,a photo of German horn,French horn,8562
957,a photo of German horn,French horn,4945
958,a photo of German horn,French horn,2501
959,a photo of German horn,French horn,9670
960,a photo of Vienna horn,French horn,8171
961,a photo of Vienna horn,French horn,2911
962,a photo of Vienna horn,French horn,4956
963,a photo of Vienna horn,French horn,2534
964,a photo of Vienna horn,French horn,4230
965,a photo of Vienna horn,French horn,9887
966,a photo of Vienna horn,French horn,2228
967,a photo of Vienna horn,French horn,6910
968,a photo of Vienna horn,French horn,4871
969,a photo of Vienna horn,French horn,5902
970,a photo of Vienna horn,French horn,7016
971,a photo of Vienna horn,French horn,9737
972,a photo of Vienna horn,French horn,8402
973,a photo of Vienna horn,French horn,7717
974,a photo of Vienna horn,French horn,5900
975,a photo of Vienna horn,French horn,5666
976,a photo of Vienna horn,French horn,1802
977,a photo of Vienna horn,French horn,3309
978,a photo of Vienna horn,French horn,5277
979,a photo of Vienna horn,French horn,3844
980,a photo of Vienna horn,French horn,4412
981,a photo of Vienna horn,French horn,6814
982,a photo of Vienna horn,French horn,5698
983,a photo of Vienna horn,French horn,2616
984,a photo of Vienna horn,French horn,3277
985,a photo of Vienna horn,French horn,3314
986,a photo of Vienna horn,French horn,4141
987,a photo of Vienna horn,French horn,1703
988,a photo of Vienna horn,French horn,3020
989,a photo of Vienna horn,French horn,5795
990,a photo of Vienna horn,French horn,2585
991,a photo of Vienna horn,French horn,1478
992,a photo of Vienna horn,French horn,2158
993,a photo of Vienna horn,French horn,1689
994,a photo of Vienna horn,French horn,1207
995,a photo of Vienna horn,French horn,5717
996,a photo of Vienna horn,French horn,2393
997,a photo of Vienna horn,French horn,6927
998,a photo of Vienna horn,French horn,5405
999,a photo of Vienna horn,French horn,8457
1000,a photo of Chainsaw,Chain saw,7907
1001,a photo of Chainsaw,Chain saw,2423
1002,a photo of Chainsaw,Chain saw,4765
1003,a photo of Chainsaw,Chain saw,6563
1004,a photo of Chainsaw,Chain saw,4557
1005,a photo of Chainsaw,Chain saw,2706
1006,a photo of Chainsaw,Chain saw,2109
1007,a photo of Chainsaw,Chain saw,9103
1008,a photo of Chainsaw,Chain saw,7035
1009,a photo of Chainsaw,Chain saw,9704
1010,a photo of Chainsaw,Chain saw,7292
1011,a photo of Chainsaw,Chain saw,1961
1012,a photo of Chainsaw,Chain saw,8053
1013,a photo of Chainsaw,Chain saw,2585
1014,a photo of Chainsaw,Chain saw,3303
1015,a photo of Chainsaw,Chain saw,1577
1016,a photo of Chainsaw,Chain saw,4847
1017,a photo of Chainsaw,Chain saw,6768
1018,a photo of Chainsaw,Chain saw,4936
1019,a photo of Chainsaw,Chain saw,6247
1020,a photo of Chainsaw,Chain saw,8412
1021,a photo of Chainsaw,Chain saw,4097
1022,a photo of Chainsaw,Chain saw,6161
1023,a photo of Chainsaw,Chain saw,8930
1024,a photo of Chainsaw,Chain saw,5431
1025,a photo of Chainsaw,Chain saw,2596
1026,a photo of Chainsaw,Chain saw,3498
1027,a photo of Chainsaw,Chain saw,9659
1028,a photo of Chainsaw,Chain saw,5291
1029,a photo of Chainsaw,Chain saw,7380
1030,a photo of Chainsaw,Chain saw,3807
1031,a photo of Chainsaw,Chain saw,1849
1032,a photo of Chainsaw,Chain saw,9680
1033,a photo of Chainsaw,Chain saw,6713
1034,a photo of Chainsaw,Chain saw,9697
1035,a photo of Chainsaw,Chain saw,8122
1036,a photo of Chainsaw,Chain saw,4315
1037,a photo of Chainsaw,Chain saw,8538
1038,a photo of Chainsaw,Chain saw,1849
1039,a photo of Chainsaw,Chain saw,4652
1040,a photo of Chainsaw,Chain saw,3553
1041,a photo of Chainsaw,Chain saw,4031
1042,a photo of Chainsaw,Chain saw,9994
1043,a photo of Chainsaw,Chain saw,6575
1044,a photo of Chainsaw,Chain saw,4911
1045,a photo of Chainsaw,Chain saw,9868
1046,a photo of Chainsaw,Chain saw,1075
1047,a photo of Chainsaw,Chain saw,4177
1048,a photo of Chainsaw,Chain saw,5409
1049,a photo of Chainsaw,Chain saw,3606
1050,a photo of Power saw,Chain saw,9389
1051,a photo of Power saw,Chain saw,6867
1052,a photo of Power saw,Chain saw,9701
1053,a photo of Power saw,Chain saw,8081
1054,a photo of Power saw,Chain saw,4355
1055,a photo of Power saw,Chain saw,7842
1056,a photo of Power saw,Chain saw,7381
1057,a photo of Power saw,Chain saw,7752
1058,a photo of Power saw,Chain saw,8981
1059,a photo of Power saw,Chain saw,1488
1060,a photo of Power saw,Chain saw,6833
1061,a photo of Power saw,Chain saw,9439
1062,a photo of Power saw,Chain saw,4986
1063,a photo of Power saw,Chain saw,6824
1064,a photo of Power saw,Chain saw,2873
1065,a photo of Power saw,Chain saw,7656
1066,a photo of Power saw,Chain saw,4406
1067,a photo of Power saw,Chain saw,3120
1068,a photo of Power saw,Chain saw,5041
1069,a photo of Power saw,Chain saw,4549
1070,a photo of Power saw,Chain saw,1614
1071,a photo of Power saw,Chain saw,5524
1072,a photo of Power saw,Chain saw,8459
1073,a photo of Power saw,Chain saw,3485
1074,a photo of Power saw,Chain saw,9844
1075,a photo of Power saw,Chain saw,9265
1076,a photo of Power saw,Chain saw,6540
1077,a photo of Power saw,Chain saw,8553
1078,a photo of Power saw,Chain saw,9372
1079,a photo of Power saw,Chain saw,3472
1080,a photo of Power saw,Chain saw,6228
1081,a photo of Power saw,Chain saw,8016
1082,a photo of Power saw,Chain saw,3629
1083,a photo of Power saw,Chain saw,9175
1084,a photo of Power saw,Chain saw,7862
1085,a photo of Power saw,Chain saw,5420
1086,a photo of Power saw,Chain saw,7318
1087,a photo of Power saw,Chain saw,1930
1088,a photo of Power saw,Chain saw,6014
1089,a photo of Power saw,Chain saw,4733
1090,a photo of Power saw,Chain saw,6906
1091,a photo of Power saw,Chain saw,6657
1092,a photo of Power saw,Chain saw,3036
1093,a photo of Power saw,Chain saw,7285
1094,a photo of Power saw,Chain saw,8233
1095,a photo of Power saw,Chain saw,4910
1096,a photo of Power saw,Chain saw,7205
1097,a photo of Power saw,Chain saw,8410
1098,a photo of Power saw,Chain saw,3432
1099,a photo of Power saw,Chain saw,6491
1100,a photo of Tree saw,Chain saw,9458
1101,a photo of Tree saw,Chain saw,6879
1102,a photo of Tree saw,Chain saw,5523
1103,a photo of Tree saw,Chain saw,2921
1104,a photo of Tree saw,Chain saw,2102
1105,a photo of Tree saw,Chain saw,4144
1106,a photo of Tree saw,Chain saw,5315
1107,a photo of Tree saw,Chain saw,3341
1108,a photo of Tree saw,Chain saw,9887
1109,a photo of Tree saw,Chain saw,2655
1110,a photo of Tree saw,Chain saw,8369
1111,a photo of Tree saw,Chain saw,4636
1112,a photo of Tree saw,Chain saw,3867
1113,a photo of Tree saw,Chain saw,3797
1114,a photo of Tree saw,Chain saw,8881
1115,a photo of Tree saw,Chain saw,1513
1116,a photo of Tree saw,Chain saw,1512
1117,a photo of Tree saw,Chain saw,4253
1118,a photo of Tree saw,Chain saw,4359
1119,a photo of Tree saw,Chain saw,7089
1120,a photo of Tree saw,Chain saw,6170
1121,a photo of Tree saw,Chain saw,8045
1122,a photo of Tree saw,Chain saw,1757
1123,a photo of Tree saw,Chain saw,3605
1124,a photo of Tree saw,Chain saw,7763
1125,a photo of Tree saw,Chain saw,9340
1126,a photo of Tree saw,Chain saw,7287
1127,a photo of Tree saw,Chain saw,9106
1128,a photo of Tree saw,Chain saw,6822
1129,a photo of Tree saw,Chain saw,6979
1130,a photo of Tree saw,Chain saw,6146
1131,a photo of Tree saw,Chain saw,8139
1132,a photo of Tree saw,Chain saw,3358
1133,a photo of Tree saw,Chain saw,1722
1134,a photo of Tree saw,Chain saw,2571
1135,a photo of Tree saw,Chain saw,6806
1136,a photo of Tree saw,Chain saw,9445
1137,a photo of Tree saw,Chain saw,6733
1138,a photo of Tree saw,Chain saw,6492
1139,a photo of Tree saw,Chain saw,5071
1140,a photo of Tree saw,Chain saw,6756
1141,a photo of Tree saw,Chain saw,6078
1142,a photo of Tree saw,Chain saw,9958
1143,a photo of Tree saw,Chain saw,8025
1144,a photo of Tree saw,Chain saw,3031
1145,a photo of Tree saw,Chain saw,6193
1146,a photo of Tree saw,Chain saw,4942
1147,a photo of Tree saw,Chain saw,5781
1148,a photo of Tree saw,Chain saw,2631
1149,a photo of Tree saw,Chain saw,6019
1150,a photo of Handheld saw,Chain saw,4699
1151,a photo of Handheld saw,Chain saw,1292
1152,a photo of Handheld saw,Chain saw,6287
1153,a photo of Handheld saw,Chain saw,5646
1154,a photo of Handheld saw,Chain saw,1001
1155,a photo of Handheld saw,Chain saw,4820
1156,a photo of Handheld saw,Chain saw,6995
1157,a photo of Handheld saw,Chain saw,3771
1158,a photo of Handheld saw,Chain saw,7640
1159,a photo of Handheld saw,Chain saw,6091
1160,a photo of Handheld saw,Chain saw,1960
1161,a photo of Handheld saw,Chain saw,2417
1162,a photo of Handheld saw,Chain saw,3096
1163,a photo of Handheld saw,Chain saw,5474
1164,a photo of Handheld saw,Chain saw,4116
1165,a photo of Handheld saw,Chain saw,7113
1166,a photo of Handheld saw,Chain saw,9572
1167,a photo of Handheld saw,Chain saw,5021
1168,a photo of Handheld saw,Chain saw,3446
1169,a photo of Handheld saw,Chain saw,7730
1170,a photo of Handheld saw,Chain saw,3846
1171,a photo of Handheld saw,Chain saw,4631
1172,a photo of Handheld saw,Chain saw,1382
1173,a photo of Handheld saw,Chain saw,3398
1174,a photo of Handheld saw,Chain saw,4529
1175,a photo of Handheld saw,Chain saw,2925
1176,a photo of Handheld saw,Chain saw,9337
1177,a photo of Handheld saw,Chain saw,6610
1178,a photo of Handheld saw,Chain saw,5852
1179,a photo of Handheld saw,Chain saw,8059
1180,a photo of Handheld saw,Chain saw,7272
1181,a photo of Handheld saw,Chain saw,5324
1182,a photo of Handheld saw,Chain saw,7766
1183,a photo of Handheld saw,Chain saw,1673
1184,a photo of Handheld saw,Chain saw,2645
1185,a photo of Handheld saw,Chain saw,1890
1186,a photo of Handheld saw,Chain saw,1607
1187,a photo of Handheld saw,Chain saw,2882
1188,a photo of Handheld saw,Chain saw,6197
1189,a photo of Handheld saw,Chain saw,1670
1190,a photo of Handheld saw,Chain saw,2052
1191,a photo of Handheld saw,Chain saw,9172
1192,a photo of Handheld saw,Chain saw,3696
1193,a photo of Handheld saw,Chain saw,5444
1194,a photo of Handheld saw,Chain saw,4268
1195,a photo of Handheld saw,Chain saw,5686
1196,a photo of Handheld saw,Chain saw,3636
1197,a photo of Handheld saw,Chain saw,5471
1198,a photo of Handheld saw,Chain saw,4296
1199,a photo of Handheld saw,Chain saw,4910
1200,a photo of Fuel dispenser,Gas pump,4799
1201,a photo of Fuel dispenser,Gas pump,9290
1202,a photo of Fuel dispenser,Gas pump,9706
1203,a photo of Fuel dispenser,Gas pump,2516
1204,a photo of Fuel dispenser,Gas pump,7620
1205,a photo of Fuel dispenser,Gas pump,6991
1206,a photo of Fuel dispenser,Gas pump,7211
1207,a photo of Fuel dispenser,Gas pump,9074
1208,a photo of Fuel dispenser,Gas pump,2427
1209,a photo of Fuel dispenser,Gas pump,5186
1210,a photo of Fuel dispenser,Gas pump,8155
1211,a photo of Fuel dispenser,Gas pump,3806
1212,a photo of Fuel dispenser,Gas pump,6110
1213,a photo of Fuel dispenser,Gas pump,3622
1214,a photo of Fuel dispenser,Gas pump,8540
1215,a photo of Fuel dispenser,Gas pump,2406
1216,a photo of Fuel dispenser,Gas pump,6296
1217,a photo of Fuel dispenser,Gas pump,5487
1218,a photo of Fuel dispenser,Gas pump,8025
1219,a photo of Fuel dispenser,Gas pump,5906
1220,a photo of Fuel dispenser,Gas pump,7471
1221,a photo of Fuel dispenser,Gas pump,4822
1222,a photo of Fuel dispenser,Gas pump,9373
1223,a photo of Fuel dispenser,Gas pump,6361
1224,a photo of Fuel dispenser,Gas pump,9185
1225,a photo of Fuel dispenser,Gas pump,5386
1226,a photo of Fuel dispenser,Gas pump,3439
1227,a photo of Fuel dispenser,Gas pump,6858
1228,a photo of Fuel dispenser,Gas pump,4053
1229,a photo of Fuel dispenser,Gas pump,1443
1230,a photo of Fuel dispenser,Gas pump,2063
1231,a photo of Fuel dispenser,Gas pump,8739
1232,a photo of Fuel dispenser,Gas pump,3987
1233,a photo of Fuel dispenser,Gas pump,6420
1234,a photo of Fuel dispenser,Gas pump,9955
1235,a photo of Fuel dispenser,Gas pump,6520
1236,a photo of Fuel dispenser,Gas pump,7431
1237,a photo of Fuel dispenser,Gas pump,2061
1238,a photo of Fuel dispenser,Gas pump,3459
1239,a photo of Fuel dispenser,Gas pump,6154
1240,a photo of Petrol pump,Gas pump,4090
1241,a photo of Petrol pump,Gas pump,7400
1242,a photo of Petrol pump,Gas pump,6356
1243,a photo of Petrol pump,Gas pump,9324
1244,a photo of Petrol pump,Gas pump,7023
1245,a photo of Petrol pump,Gas pump,6234
1246,a photo of Petrol pump,Gas pump,5742
1247,a photo of Petrol pump,Gas pump,3735
1248,a photo of Petrol pump,Gas pump,2333
1249,a photo of Petrol pump,Gas pump,9457
1250,a photo of Petrol pump,Gas pump,5657
1251,a photo of Petrol pump,Gas pump,7584
1252,a photo of Petrol pump,Gas pump,4559
1253,a photo of Petrol pump,Gas pump,8233
1254,a photo of Petrol pump,Gas pump,9856
1255,a photo of Petrol pump,Gas pump,7355
1256,a photo of Petrol pump,Gas pump,8065
1257,a photo of Petrol pump,Gas pump,7801
1258,a photo of Petrol pump,Gas pump,6911
1259,a photo of Petrol pump,Gas pump,4243
1260,a photo of Petrol pump,Gas pump,2338
1261,a photo of Petrol pump,Gas pump,9129
1262,a photo of Petrol pump,Gas pump,3445
1263,a photo of Petrol pump,Gas pump,3632
1264,a photo of Petrol pump,Gas pump,8996
1265,a photo of Petrol pump,Gas pump,3884
1266,a photo of Petrol pump,Gas pump,4198
1267,a photo of Petrol pump,Gas pump,1553
1268,a photo of Petrol pump,Gas pump,8769
1269,a photo of Petrol pump,Gas pump,4250
1270,a photo of Petrol pump,Gas pump,8275
1271,a photo of Petrol pump,Gas pump,7220
1272,a photo of Petrol pump,Gas pump,9606
1273,a photo of Petrol pump,Gas pump,2049
1274,a photo of Petrol pump,Gas pump,3993
1275,a photo of Petrol pump,Gas pump,2337
1276,a photo of Petrol pump,Gas pump,4168
1277,a photo of Petrol pump,Gas pump,6351
1278,a photo of Petrol pump,Gas pump,9701
1279,a photo of Petrol pump,Gas pump,5604
1280,a photo of Fuel pump,Gas pump,1658
1281,a photo of Fuel pump,Gas pump,7066
1282,a photo of Fuel pump,Gas pump,4330
1283,a photo of Fuel pump,Gas pump,4061
1284,a photo of Fuel pump,Gas pump,6506
1285,a photo of Fuel pump,Gas pump,5969
1286,a photo of Fuel pump,Gas pump,5951
1287,a photo of Fuel pump,Gas pump,3661
1288,a photo of Fuel pump,Gas pump,2051
1289,a photo of Fuel pump,Gas pump,8330
1290,a photo of Fuel pump,Gas pump,3760
1291,a photo of Fuel pump,Gas pump,9204
1292,a photo of Fuel pump,Gas pump,9586
1293,a photo of Fuel pump,Gas pump,6277
1294,a photo of Fuel pump,Gas pump,3661
1295,a photo of Fuel pump,Gas pump,1127
1296,a photo of Fuel pump,Gas pump,8913
1297,a photo of Fuel pump,Gas pump,4797
1298,a photo of Fuel pump,Gas pump,7535
1299,a photo of Fuel pump,Gas pump,4856
1300,a photo of Fuel pump,Gas pump,9353
1301,a photo of Fuel pump,Gas pump,8425
1302,a photo of Fuel pump,Gas pump,2479
1303,a photo of Fuel pump,Gas pump,5547
1304,a photo of Fuel pump,Gas pump,6602
1305,a photo of Fuel pump,Gas pump,9840
1306,a photo of Fuel pump,Gas pump,7235
1307,a photo of Fuel pump,Gas pump,4645
1308,a photo of Fuel pump,Gas pump,6896
1309,a photo of Fuel pump,Gas pump,9510
1310,a photo of Fuel pump,Gas pump,2830
1311,a photo of Fuel pump,Gas pump,1159
1312,a photo of Fuel pump,Gas pump,1204
1313,a photo of Fuel pump,Gas pump,2003
1314,a photo of Fuel pump,Gas pump,1756
1315,a photo of Fuel pump,Gas pump,9264
1316,a photo of Fuel pump,Gas pump,3571
1317,a photo of Fuel pump,Gas pump,3618
1318,a photo of Fuel pump,Gas pump,9843
1319,a photo of Fuel pump,Gas pump,5133
1320,a photo of Gasoline pump,Gas pump,2994
1321,a photo of Gasoline pump,Gas pump,3501
1322,a photo of Gasoline pump,Gas pump,4554
1323,a photo of Gasoline pump,Gas pump,6498
1324,a photo of Gasoline pump,Gas pump,9522
1325,a photo of Gasoline pump,Gas pump,9445
1326,a photo of Gasoline pump,Gas pump,5025
1327,a photo of Gasoline pump,Gas pump,7402
1328,a photo of Gasoline pump,Gas pump,2524
1329,a photo of Gasoline pump,Gas pump,1922
1330,a photo of Gasoline pump,Gas pump,2248
1331,a photo of Gasoline pump,Gas pump,6923
1332,a photo of Gasoline pump,Gas pump,9777
1333,a photo of Gasoline pump,Gas pump,6422
1334,a photo of Gasoline pump,Gas pump,6238
1335,a photo of Gasoline pump,Gas pump,1171
1336,a photo of Gasoline pump,Gas pump,1175
1337,a photo of Gasoline pump,Gas pump,9657
1338,a photo of Gasoline pump,Gas pump,3709
1339,a photo of Gasoline pump,Gas pump,2983
1340,a photo of Gasoline pump,Gas pump,5035
1341,a photo of Gasoline pump,Gas pump,2964
1342,a photo of Gasoline pump,Gas pump,6559
1343,a photo of Gasoline pump,Gas pump,7770
1344,a photo of Gasoline pump,Gas pump,4309
1345,a photo of Gasoline pump,Gas pump,5232
1346,a photo of Gasoline pump,Gas pump,9320
1347,a photo of Gasoline pump,Gas pump,2119
1348,a photo of Gasoline pump,Gas pump,3291
1349,a photo of Gasoline pump,Gas pump,9827
1350,a photo of Gasoline pump,Gas pump,5495
1351,a photo of Gasoline pump,Gas pump,4987
1352,a photo of Gasoline pump,Gas pump,3983
1353,a photo of Gasoline pump,Gas pump,2444
1354,a photo of Gasoline pump,Gas pump,7189
1355,a photo of Gasoline pump,Gas pump,7493
1356,a photo of Gasoline pump,Gas pump,5172
1357,a photo of Gasoline pump,Gas pump,2912
1358,a photo of Gasoline pump,Gas pump,7716
1359,a photo of Gasoline pump,Gas pump,1313
1360,a photo of Service station pump,Gas pump,5176
1361,a photo of Service station pump,Gas pump,3543
1362,a photo of Service station pump,Gas pump,7350
1363,a photo of Service station pump,Gas pump,7644
1364,a photo of Service station pump,Gas pump,6003
1365,a photo of Service station pump,Gas pump,7554
1366,a photo of Service station pump,Gas pump,2455
1367,a photo of Service station pump,Gas pump,1334
1368,a photo of Service station pump,Gas pump,7580
1369,a photo of Service station pump,Gas pump,3476
1370,a photo of Service station pump,Gas pump,6069
1371,a photo of Service station pump,Gas pump,4494
1372,a photo of Service station pump,Gas pump,2998
1373,a photo of Service station pump,Gas pump,7633
1374,a photo of Service station pump,Gas pump,9826
1375,a photo of Service station pump,Gas pump,1405
1376,a photo of Service station pump,Gas pump,2119
1377,a photo of Service station pump,Gas pump,8613
1378,a photo of Service station pump,Gas pump,5814
1379,a photo of Service station pump,Gas pump,7107
1380,a photo of Service station pump,Gas pump,4165
1381,a photo of Service station pump,Gas pump,9981
1382,a photo of Service station pump,Gas pump,6965
1383,a photo of Service station pump,Gas pump,9854
1384,a photo of Service station pump,Gas pump,8561
1385,a photo of Service station pump,Gas pump,2407
1386,a photo of Service station pump,Gas pump,4468
1387,a photo of Service station pump,Gas pump,4586
1388,a photo of Service station pump,Gas pump,4225
1389,a photo of Service station pump,Gas pump,6006
1390,a photo of Service station pump,Gas pump,5055
1391,a photo of Service station pump,Gas pump,6702
1392,a photo of Service station pump,Gas pump,1040
1393,a photo of Service station pump,Gas pump,7306
1394,a photo of Service station pump,Gas pump,8997
1395,a photo of Service station pump,Gas pump,1498
1396,a photo of Service station pump,Gas pump,1301
1397,a photo of Service station pump,Gas pump,1745
1398,a photo of Service station pump,Gas pump,5060
1399,a photo of Service station pump,Gas pump,4040
1400,a photo of Tinca,Tench,2883
1401,a photo of Tinca,Tench,5246
1402,a photo of Tinca,Tench,9892
1403,a photo of Tinca,Tench,1652
1404,a photo of Tinca,Tench,5868
1405,a photo of Tinca,Tench,2932
1406,a photo of Tinca,Tench,3865
1407,a photo of Tinca,Tench,5523
1408,a photo of Tinca,Tench,2194
1409,a photo of Tinca,Tench,1750
1410,a photo of Tinca,Tench,3467
1411,a photo of Tinca,Tench,6849
1412,a photo of Tinca,Tench,7327
1413,a photo of Tinca,Tench,4877
1414,a photo of Tinca,Tench,5761
1415,a photo of Tinca,Tench,4152
1416,a photo of Tinca,Tench,6116
1417,a photo of Tinca,Tench,5311
1418,a photo of Tinca,Tench,5902
1419,a photo of Tinca,Tench,9974
1420,a photo of Tinca,Tench,2166
1421,a photo of Tinca,Tench,3241
1422,a photo of Tinca,Tench,5800
1423,a photo of Tinca,Tench,2381
1424,a photo of Tinca,Tench,9268
1425,a photo of Tinca,Tench,6516
1426,a photo of Tinca,Tench,2465
1427,a photo of Tinca,Tench,9894
1428,a photo of Tinca,Tench,4314
1429,a photo of Tinca,Tench,4669
1430,a photo of Tinca,Tench,5007
1431,a photo of Tinca,Tench,9614
1432,a photo of Tinca,Tench,4722
1433,a photo of Tinca,Tench,1345
1434,a photo of Tinca,Tench,1717
1435,a photo of Tinca,Tench,3487
1436,a photo of Tinca,Tench,9741
1437,a photo of Tinca,Tench,6744
1438,a photo of Tinca,Tench,3833
1439,a photo of Tinca,Tench,9045
1440,a photo of Doctor fish,Tench,4895
1441,a photo of Doctor fish,Tench,9739
1442,a photo of Doctor fish,Tench,1302
1443,a photo of Doctor fish,Tench,5890
1444,a photo of Doctor fish,Tench,7085
1445,a photo of Doctor fish,Tench,8790
1446,a photo of Doctor fish,Tench,3321
1447,a photo of Doctor fish,Tench,8835
1448,a photo of Doctor fish,Tench,9697
1449,a photo of Doctor fish,Tench,4666
1450,a photo of Doctor fish,Tench,7864
1451,a photo of Doctor fish,Tench,9091
1452,a photo of Doctor fish,Tench,4762
1453,a photo of Doctor fish,Tench,4396
1454,a photo of Doctor fish,Tench,1781
1455,a photo of Doctor fish,Tench,8156
1456,a photo of Doctor fish,Tench,9527
1457,a photo of Doctor fish,Tench,9814
1458,a photo of Doctor fish,Tench,2895
1459,a photo of Doctor fish,Tench,9098
1460,a photo of Doctor fish,Tench,4073
1461,a photo of Doctor fish,Tench,6627
1462,a photo of Doctor fish,Tench,7386
1463,a photo of Doctor fish,Tench,7032
1464,a photo of Doctor fish,Tench,4630
1465,a photo of Doctor fish,Tench,3844
1466,a photo of Doctor fish,Tench,2034
1467,a photo of Doctor fish,Tench,6095
1468,a photo of Doctor fish,Tench,2182
1469,a photo of Doctor fish,Tench,6376
1470,a photo of Doctor fish,Tench,1992
1471,a photo of Doctor fish,Tench,2695
1472,a photo of Doctor fish,Tench,7948
1473,a photo of Doctor fish,Tench,5359
1474,a photo of Doctor fish,Tench,7085
1475,a photo of Doctor fish,Tench,3651
1476,a photo of Doctor fish,Tench,4351
1477,a photo of Doctor fish,Tench,8593
1478,a photo of Doctor fish,Tench,3420
1479,a photo of Doctor fish,Tench,1602
1480,a photo of Tinca Tinca,Tench,7991
1481,a photo of Tinca Tinca,Tench,7438
1482,a photo of Tinca Tinca,Tench,4921
1483,a photo of Tinca Tinca,Tench,4953
1484,a photo of Tinca Tinca,Tench,8917
1485,a photo of Tinca Tinca,Tench,3749
1486,a photo of Tinca Tinca,Tench,1765
1487,a photo of Tinca Tinca,Tench,7325
1488,a photo of Tinca Tinca,Tench,7809
1489,a photo of Tinca Tinca,Tench,4114
1490,a photo of Tinca Tinca,Tench,6753
1491,a photo of Tinca Tinca,Tench,8194
1492,a photo of Tinca Tinca,Tench,8571
1493,a photo of Tinca Tinca,Tench,8535
1494,a photo of Tinca Tinca,Tench,9278
1495,a photo of Tinca Tinca,Tench,9401
1496,a photo of Tinca Tinca,Tench,5581
1497,a photo of Tinca Tinca,Tench,4906
1498,a photo of Tinca Tinca,Tench,9540
1499,a photo of Tinca Tinca,Tench,9879
1500,a photo of Tinca Tinca,Tench,1382
1501,a photo of Tinca Tinca,Tench,8425
1502,a photo of Tinca Tinca,Tench,9271
1503,a photo of Tinca Tinca,Tench,3262
1504,a photo of Tinca Tinca,Tench,3886
1505,a photo of Tinca Tinca,Tench,7494
1506,a photo of Tinca Tinca,Tench,3488
1507,a photo of Tinca Tinca,Tench,6220
1508,a photo of Tinca Tinca,Tench,5512
1509,a photo of Tinca Tinca,Tench,7163
1510,a photo of Tinca Tinca,Tench,1592
1511,a photo of Tinca Tinca,Tench,2342
1512,a photo of Tinca Tinca,Tench,1367
1513,a photo of Tinca Tinca,Tench,8457
1514,a photo of Tinca Tinca,Tench,6575
1515,a photo of Tinca Tinca,Tench,1495
1516,a photo of Tinca Tinca,Tench,9856
1517,a photo of Tinca Tinca,Tench,3300
1518,a photo of Tinca Tinca,Tench,4183
1519,a photo of Tinca Tinca,Tench,7367
1520,a photo of Cyprinus tinca,Tench,6709
1521,a photo of Cyprinus tinca,Tench,9291
1522,a photo of Cyprinus tinca,Tench,7113
1523,a photo of Cyprinus tinca,Tench,2691
1524,a photo of Cyprinus tinca,Tench,3252
1525,a photo of Cyprinus tinca,Tench,6175
1526,a photo of Cyprinus tinca,Tench,5562
1527,a photo of Cyprinus tinca,Tench,1671
1528,a photo of Cyprinus tinca,Tench,7474
1529,a photo of Cyprinus tinca,Tench,2220
1530,a photo of Cyprinus tinca,Tench,3933
1531,a photo of Cyprinus tinca,Tench,1445
1532,a photo of Cyprinus tinca,Tench,9054
1533,a photo of Cyprinus tinca,Tench,8926
1534,a photo of Cyprinus tinca,Tench,7261
1535,a photo of Cyprinus tinca,Tench,1703
1536,a photo of Cyprinus tinca,Tench,4187
1537,a photo of Cyprinus tinca,Tench,2308
1538,a photo of Cyprinus tinca,Tench,7855
1539,a photo of Cyprinus tinca,Tench,2496
1540,a photo of Cyprinus tinca,Tench,5605
1541,a photo of Cyprinus tinca,Tench,1404
1542,a photo of Cyprinus tinca,Tench,4432
1543,a photo of Cyprinus tinca,Tench,9675
1544,a photo of Cyprinus tinca,Tench,9632
1545,a photo of Cyprinus tinca,Tench,4819
1546,a photo of Cyprinus tinca,Tench,5465
1547,a photo of Cyprinus tinca,Tench,7254
1548,a photo of Cyprinus tinca,Tench,8514
1549,a photo of Cyprinus tinca,Tench,4192
1550,a photo of Cyprinus tinca,Tench,4987
1551,a photo of Cyprinus tinca,Tench,6478
1552,a photo of Cyprinus tinca,Tench,7448
1553,a photo of Cyprinus tinca,Tench,3392
1554,a photo of Cyprinus tinca,Tench,8404
1555,a photo of Cyprinus tinca,Tench,8301
1556,a photo of Cyprinus tinca,Tench,4838
1557,a photo of Cyprinus tinca,Tench,3778
1558,a photo of Cyprinus tinca,Tench,3256
1559,a photo of Cyprinus tinca,Tench,6363
1560,a photo of Cyprinus zeelt,Tench,3446
1561,a photo of Cyprinus zeelt,Tench,2374
1562,a photo of Cyprinus zeelt,Tench,8355
1563,a photo of Cyprinus zeelt,Tench,4883
1564,a photo of Cyprinus zeelt,Tench,8997
1565,a photo of Cyprinus zeelt,Tench,9737
1566,a photo of Cyprinus zeelt,Tench,6241
1567,a photo of Cyprinus zeelt,Tench,4370
1568,a photo of Cyprinus zeelt,Tench,2411
1569,a photo of Cyprinus zeelt,Tench,9944
1570,a photo of Cyprinus zeelt,Tench,9664
1571,a photo of Cyprinus zeelt,Tench,5224
1572,a photo of Cyprinus zeelt,Tench,2506
1573,a photo of Cyprinus zeelt,Tench,7041
1574,a photo of Cyprinus zeelt,Tench,8004
1575,a photo of Cyprinus zeelt,Tench,9476
1576,a photo of Cyprinus zeelt,Tench,3617
1577,a photo of Cyprinus zeelt,Tench,6352
1578,a photo of Cyprinus zeelt,Tench,9906
1579,a photo of Cyprinus zeelt,Tench,7050
1580,a photo of Cyprinus zeelt,Tench,4391
1581,a photo of Cyprinus zeelt,Tench,4374
1582,a photo of Cyprinus zeelt,Tench,5692
1583,a photo of Cyprinus zeelt,Tench,3577
1584,a photo of Cyprinus zeelt,Tench,8280
1585,a photo of Cyprinus zeelt,Tench,9924
1586,a photo of Cyprinus zeelt,Tench,6778
1587,a photo of Cyprinus zeelt,Tench,1251
1588,a photo of Cyprinus zeelt,Tench,8647
1589,a photo of Cyprinus zeelt,Tench,1844
1590,a photo of Cyprinus zeelt,Tench,2383
1591,a photo of Cyprinus zeelt,Tench,5917
1592,a photo of Cyprinus zeelt,Tench,5172
1593,a photo of Cyprinus zeelt,Tench,2658
1594,a photo of Cyprinus zeelt,Tench,1663
1595,a photo of Cyprinus zeelt,Tench,6546
1596,a photo of Cyprinus zeelt,Tench,4879
1597,a photo of Cyprinus zeelt,Tench,3245
1598,a photo of Cyprinus zeelt,Tench,5792
1599,a photo of Cyprinus zeelt,Tench,4431
1600,a photo of Springer spaniel,English springer,7498
1601,a photo of Springer spaniel,English springer,5668
1602,a photo of Springer spaniel,English springer,3621
1603,a photo of Springer spaniel,English springer,4185
1604,a photo of Springer spaniel,English springer,9797
1605,a photo of Springer spaniel,English springer,6039
1606,a photo of Springer spaniel,English springer,1204
1607,a photo of Springer spaniel,English springer,2033
1608,a photo of Springer spaniel,English springer,3500
1609,a photo of Springer spaniel,English springer,7902
1610,a photo of Springer spaniel,English springer,2212
1611,a photo of Springer spaniel,English springer,1625
1612,a photo of Springer spaniel,English springer,8405
1613,a photo of Springer spaniel,English springer,6775
1614,a photo of Springer spaniel,English springer,6003
1615,a photo of Springer spaniel,English springer,6079
1616,a photo of Springer spaniel,English springer,1878
1617,a photo of Springer spaniel,English springer,7067
1618,a photo of Springer spaniel,English springer,2579
1619,a photo of Springer spaniel,English springer,8781
1620,a photo of Springer spaniel,English springer,2939
1621,a photo of Springer spaniel,English springer,2512
1622,a photo of Springer spaniel,English springer,2098
1623,a photo of Springer spaniel,English springer,4377
1624,a photo of Springer spaniel,English springer,3676
1625,a photo of Springer spaniel,English springer,7849
1626,a photo of Springer spaniel,English springer,1393
1627,a photo of Springer spaniel,English springer,4896
1628,a photo of Springer spaniel,English springer,1190
1629,a photo of Springer spaniel,English springer,5438
1630,a photo of Springer spaniel,English springer,1077
1631,a photo of Springer spaniel,English springer,9761
1632,a photo of Springer spaniel,English springer,1068
1633,a photo of Springer spaniel,English springer,7761
1634,a photo of Springer spaniel,English springer,6637
1635,a photo of Springer spaniel,English springer,1361
1636,a photo of Springer spaniel,English springer,5670
1637,a photo of Springer spaniel,English springer,7574
1638,a photo of Springer spaniel,English springer,7480
1639,a photo of Springer spaniel,English springer,9912
1640,a photo of Springer,English springer,9179
1641,a photo of Springer,English springer,8609
1642,a photo of Springer,English springer,9519
1643,a photo of Springer,English springer,2319
1644,a photo of Springer,English springer,4547
1645,a photo of Springer,English springer,7129
1646,a photo of Springer,English springer,4871
1647,a photo of Springer,English springer,3271
1648,a photo of Springer,English springer,6504
1649,a photo of Springer,English springer,2175
1650,a photo of Springer,English springer,2100
1651,a photo of Springer,English springer,4802
1652,a photo of Springer,English springer,9412
1653,a photo of Springer,English springer,8296
1654,a photo of Springer,English springer,4518
1655,a photo of Springer,English springer,4962
1656,a photo of Springer,English springer,6844
1657,a photo of Springer,English springer,3245
1658,a photo of Springer,English springer,5285
1659,a photo of Springer,English springer,7291
1660,a photo of Springer,English springer,2256
1661,a photo of Springer,English springer,1040
1662,a photo of Springer,English springer,6892
1663,a photo of Springer,English springer,7609
1664,a photo of Springer,English springer,9296
1665,a photo of Springer,English springer,7103
1666,a photo of Springer,English springer,9201
1667,a photo of Springer,English springer,6638
1668,a photo of Springer,English springer,7866
1669,a photo of Springer,English springer,8097
1670,a photo of Springer,English springer,8336
1671,a photo of Springer,English springer,7867
1672,a photo of Springer,English springer,3154
1673,a photo of Springer,English springer,1768
1674,a photo of Springer,English springer,9028
1675,a photo of Springer,English springer,5770
1676,a photo of Springer,English springer,2710
1677,a photo of Springer,English springer,7095
1678,a photo of Springer,English springer,4432
1679,a photo of Springer,English springer,8123
1680,a photo of Springing spaniel,English springer,7015
1681,a photo of Springing spaniel,English springer,5288
1682,a photo of Springing spaniel,English springer,7476
1683,a photo of Springing spaniel,English springer,1057
1684,a photo of Springing spaniel,English springer,6161
1685,a photo of Springing spaniel,English springer,5549
1686,a photo of Springing spaniel,English springer,1480
1687,a photo of Springing spaniel,English springer,1582
1688,a photo of Springing spaniel,English springer,9893
1689,a photo of Springing spaniel,English springer,1427
1690,a photo of Springing spaniel,English springer,8583
1691,a photo of Springing spaniel,English springer,3329
1692,a photo of Springing spaniel,English springer,7253
1693,a photo of Springing spaniel,English springer,7103
1694,a photo of Springing spaniel,English springer,3681
1695,a photo of Springing spaniel,English springer,3360
1696,a photo of Springing spaniel,English springer,9200
1697,a photo of Springing spaniel,English springer,7773
1698,a photo of Springing spaniel,English springer,5717
1699,a photo of Springing spaniel,English springer,6598
1700,a photo of Springing spaniel,English springer,9334
1701,a photo of Springing spaniel,English springer,1983
1702,a photo of Springing spaniel,English springer,2787
1703,a photo of Springing spaniel,English springer,2841
1704,a photo of Springing spaniel,English springer,3500
1705,a photo of Springing spaniel,English springer,5641
1706,a photo of Springing spaniel,English springer,7651
1707,a photo of Springing spaniel,English springer,9077
1708,a photo of Springing spaniel,English springer,4838
1709,a photo of Springing spaniel,English springer,6761
1710,a photo of Springing spaniel,English springer,1693
1711,a photo of Springing spaniel,English springer,6978
1712,a photo of Springing spaniel,English springer,9577
1713,a photo of Springing spaniel,English springer,1832
1714,a photo of Springing spaniel,English springer,5715
1715,a photo of Springing spaniel,English springer,6494
1716,a photo of Springing spaniel,English springer,1106
1717,a photo of Springing spaniel,English springer,6009
1718,a photo of Springing spaniel,English springer,9028
1719,a photo of Springing spaniel,English springer,3475
1720,a photo of Welsh springer spaniel,English springer,1166
1721,a photo of Welsh springer spaniel,English springer,3435
1722,a photo of Welsh springer spaniel,English springer,9371
1723,a photo of Welsh springer spaniel,English springer,4694
1724,a photo of Welsh springer spaniel,English springer,6098
1725,a photo of Welsh springer spaniel,English springer,7177
1726,a photo of Welsh springer spaniel,English springer,9412
1727,a photo of Welsh springer spaniel,English springer,9235
1728,a photo of Welsh springer spaniel,English springer,8938
1729,a photo of Welsh springer spaniel,English springer,6155
1730,a photo of Welsh springer spaniel,English springer,3759
1731,a photo of Welsh springer spaniel,English springer,1751
1732,a photo of Welsh springer spaniel,English springer,4924
1733,a photo of Welsh springer spaniel,English springer,8114
1734,a photo of Welsh springer spaniel,English springer,8154
1735,a photo of Welsh springer spaniel,English springer,3193
1736,a photo of Welsh springer spaniel,English springer,2503
1737,a photo of Welsh springer spaniel,English springer,7854
1738,a photo of Welsh springer spaniel,English springer,4783
1739,a photo of Welsh springer spaniel,English springer,8662
1740,a photo of Welsh springer spaniel,English springer,7146
1741,a photo of Welsh springer spaniel,English springer,4219
1742,a photo of Welsh springer spaniel,English springer,5669
1743,a photo of Welsh springer spaniel,English springer,4641
1744,a photo of Welsh springer spaniel,English springer,6944
1745,a photo of Welsh springer spaniel,English springer,6022
1746,a photo of Welsh springer spaniel,English springer,1926
1747,a photo of Welsh springer spaniel,English springer,9515
1748,a photo of Welsh springer spaniel,English springer,3647
1749,a photo of Welsh springer spaniel,English springer,6656
1750,a photo of Welsh springer spaniel,English springer,3532
1751,a photo of Welsh springer spaniel,English springer,7343
1752,a photo of Welsh springer spaniel,English springer,8149
1753,a photo of Welsh springer spaniel,English springer,7350
1754,a photo of Welsh springer spaniel,English springer,5748
1755,a photo of Welsh springer spaniel,English springer,1031
1756,a photo of Welsh springer spaniel,English springer,7257
1757,a photo of Welsh springer spaniel,English springer,5205
1758,a photo of Welsh springer spaniel,English springer,5779
1759,a photo of Welsh springer spaniel,English springer,1687
1760,a photo of English Cocker Spaniel,English springer,6374
1761,a photo of English Cocker Spaniel,English springer,8421
1762,a photo of English Cocker Spaniel,English springer,6148
1763,a photo of English Cocker Spaniel,English springer,5603
1764,a photo of English Cocker Spaniel,English springer,8317
1765,a photo of English Cocker Spaniel,English springer,4778
1766,a photo of English Cocker Spaniel,English springer,2624
1767,a photo of English Cocker Spaniel,English springer,3645
1768,a photo of English Cocker Spaniel,English springer,1142
1769,a photo of English Cocker Spaniel,English springer,9188
1770,a photo of English Cocker Spaniel,English springer,7988
1771,a photo of English Cocker Spaniel,English springer,8409
1772,a photo of English Cocker Spaniel,English springer,8734
1773,a photo of English Cocker Spaniel,English springer,2031
1774,a photo of English Cocker Spaniel,English springer,9383
1775,a photo of English Cocker Spaniel,English springer,6086
1776,a photo of English Cocker Spaniel,English springer,5855
1777,a photo of English Cocker Spaniel,English springer,7535
1778,a photo of English Cocker Spaniel,English springer,4496
1779,a photo of English Cocker Spaniel,English springer,2639
1780,a photo of English Cocker Spaniel,English springer,3476
1781,a photo of English Cocker Spaniel,English springer,7117
1782,a photo of English Cocker Spaniel,English springer,7285
1783,a photo of English Cocker Spaniel,English springer,5751
1784,a photo of English Cocker Spaniel,English springer,4831
1785,a photo of English Cocker Spaniel,English springer,5136
1786,a photo of English Cocker Spaniel,English springer,9982
1787,a photo of English Cocker Spaniel,English springer,2693
1788,a photo of English Cocker Spaniel,English springer,1632
1789,a photo of English Cocker Spaniel,English springer,1185
1790,a photo of English Cocker Spaniel,English springer,3299
1791,a photo of English Cocker Spaniel,English springer,7533
1792,a photo of English Cocker Spaniel,English springer,4286
1793,a photo of English Cocker Spaniel,English springer,8462
1794,a photo of English Cocker Spaniel,English springer,4249
1795,a photo of English Cocker Spaniel,English springer,4523
1796,a photo of English Cocker Spaniel,English springer,4700
1797,a photo of English Cocker Spaniel,English springer,7347
1798,a photo of English Cocker Spaniel,English springer,1582
1799,a photo of English Cocker Spaniel,English springer,6418
1800,a photo of Dimpled ball,Golf ball,1024
1801,a photo of Dimpled ball,Golf ball,8851
1802,a photo of Dimpled ball,Golf ball,7432
1803,a photo of Dimpled ball,Golf ball,2783
1804,a photo of Dimpled ball,Golf ball,8844
1805,a photo of Dimpled ball,Golf ball,5079
1806,a photo of Dimpled ball,Golf ball,9516
1807,a photo of Dimpled ball,Golf ball,1815
1808,a photo of Dimpled ball,Golf ball,9010
1809,a photo of Dimpled ball,Golf ball,5930
1810,a photo of Dimpled ball,Golf ball,1066
1811,a photo of Dimpled ball,Golf ball,2562
1812,a photo of Dimpled ball,Golf ball,1885
1813,a photo of Dimpled ball,Golf ball,2893
1814,a photo of Dimpled ball,Golf ball,8873
1815,a photo of Dimpled ball,Golf ball,3012
1816,a photo of Dimpled ball,Golf ball,4798
1817,a photo of Dimpled ball,Golf ball,1003
1818,a photo of Dimpled ball,Golf ball,2661
1819,a photo of Dimpled ball,Golf ball,9859
1820,a photo of Dimpled ball,Golf ball,1073
1821,a photo of Dimpled ball,Golf ball,4408
1822,a photo of Dimpled ball,Golf ball,3019
1823,a photo of Dimpled ball,Golf ball,7528
1824,a photo of Dimpled ball,Golf ball,1859
1825,a photo of Dimpled ball,Golf ball,8219
1826,a photo of Dimpled ball,Golf ball,3861
1827,a photo of Dimpled ball,Golf ball,7075
1828,a photo of Dimpled ball,Golf ball,4945
1829,a photo of Dimpled ball,Golf ball,6488
1830,a photo of Dimpled ball,Golf ball,7344
1831,a photo of Dimpled ball,Golf ball,6747
1832,a photo of Dimpled ball,Golf ball,2243
1833,a photo of Dimpled ball,Golf ball,9202
1834,a photo of Dimpled ball,Golf ball,8901
1835,a photo of Dimpled ball,Golf ball,2026
1836,a photo of Dimpled ball,Golf ball,1993
1837,a photo of Dimpled ball,Golf ball,1110
1838,a photo of Dimpled ball,Golf ball,4898
1839,a photo of Dimpled ball,Golf ball,4472
1840,a photo of Dimpled ball,Golf ball,2945
1841,a photo of Dimpled ball,Golf ball,4566
1842,a photo of Dimpled ball,Golf ball,3531
1843,a photo of Dimpled ball,Golf ball,8983
1844,a photo of Dimpled ball,Golf ball,4999
1845,a photo of Dimpled ball,Golf ball,8439
1846,a photo of Dimpled ball,Golf ball,8390
1847,a photo of Dimpled ball,Golf ball,3778
1848,a photo of Dimpled ball,Golf ball,4057
1849,a photo of Dimpled ball,Golf ball,4940
1850,a photo of Dimpled ball,Golf ball,6165
1851,a photo of Dimpled ball,Golf ball,4315
1852,a photo of Dimpled ball,Golf ball,2803
1853,a photo of Dimpled ball,Golf ball,2591
1854,a photo of Dimpled ball,Golf ball,2649
1855,a photo of Dimpled ball,Golf ball,3998
1856,a photo of Dimpled ball,Golf ball,9337
1857,a photo of Dimpled ball,Golf ball,6742
1858,a photo of Dimpled ball,Golf ball,4762
1859,a photo of Dimpled ball,Golf ball,2008
1860,a photo of Dimpled ball,Golf ball,1736
1861,a photo of Dimpled ball,Golf ball,5340
1862,a photo of Dimpled ball,Golf ball,5605
1863,a photo of Dimpled ball,Golf ball,9722
1864,a photo of Dimpled ball,Golf ball,5662
1865,a photo of Dimpled ball,Golf ball,7675
1866,a photo of Dimpled ball,Golf ball,4050
1867,a photo of Dimpled ball,Golf ball,7041
1868,a photo of Dimpled ball,Golf ball,2853
1869,a photo of Dimpled ball,Golf ball,8639
1870,a photo of Dimpled ball,Golf ball,2487
1871,a photo of Dimpled ball,Golf ball,4555
1872,a photo of Dimpled ball,Golf ball,6125
1873,a photo of Dimpled ball,Golf ball,2081
1874,a photo of Dimpled ball,Golf ball,9335
1875,a photo of Dimpled ball,Golf ball,6670
1876,a photo of Dimpled ball,Golf ball,5574
1877,a photo of Dimpled ball,Golf ball,6185
1878,a photo of Dimpled ball,Golf ball,8940
1879,a photo of Dimpled ball,Golf ball,9731
1880,a photo of Dimpled ball,Golf ball,9635
1881,a photo of Dimpled ball,Golf ball,9057
1882,a photo of Dimpled ball,Golf ball,9686
1883,a photo of Dimpled ball,Golf ball,9022
1884,a photo of Dimpled ball,Golf ball,6150
1885,a photo of Dimpled ball,Golf ball,4823
1886,a photo of Dimpled ball,Golf ball,6956
1887,a photo of Dimpled ball,Golf ball,3538
1888,a photo of Dimpled ball,Golf ball,8467
1889,a photo of Dimpled ball,Golf ball,2137
1890,a photo of Dimpled ball,Golf ball,4585
1891,a photo of Dimpled ball,Golf ball,4745
1892,a photo of Dimpled ball,Golf ball,1210
1893,a photo of Dimpled ball,Golf ball,6270
1894,a photo of Dimpled ball,Golf ball,2112
1895,a photo of Dimpled ball,Golf ball,3620
1896,a photo of Dimpled ball,Golf ball,9325
1897,a photo of Dimpled ball,Golf ball,2934
1898,a photo of Dimpled ball,Golf ball,3205
1899,a photo of Dimpled ball,Golf ball,2209
1900,a photo of Golfing ball,Golf ball,6971
1901,a photo of Golfing ball,Golf ball,9381
1902,a photo of Golfing ball,Golf ball,4006
1903,a photo of Golfing ball,Golf ball,1215
1904,a photo of Golfing ball,Golf ball,4302
1905,a photo of Golfing ball,Golf ball,9370
1906,a photo of Golfing ball,Golf ball,2447
1907,a photo of Golfing ball,Golf ball,4722
1908,a photo of Golfing ball,Golf ball,2086
1909,a photo of Golfing ball,Golf ball,5756
1910,a photo of Golfing ball,Golf ball,2781
1911,a photo of Golfing ball,Golf ball,7746
1912,a photo of Golfing ball,Golf ball,9329
1913,a photo of Golfing ball,Golf ball,6021
1914,a photo of Golfing ball,Golf ball,8369
1915,a photo of Golfing ball,Golf ball,4432
1916,a photo of Golfing ball,Golf ball,1898
1917,a photo of Golfing ball,Golf ball,5336
1918,a photo of Golfing ball,Golf ball,9074
1919,a photo of Golfing ball,Golf ball,1990
1920,a photo of Golfing ball,Golf ball,1677
1921,a photo of Golfing ball,Golf ball,8748
1922,a photo of Golfing ball,Golf ball,8556
1923,a photo of Golfing ball,Golf ball,9600
1924,a photo of Golfing ball,Golf ball,8123
1925,a photo of Golfing ball,Golf ball,9169
1926,a photo of Golfing ball,Golf ball,5837
1927,a photo of Golfing ball,Golf ball,9604
1928,a photo of Golfing ball,Golf ball,5715
1929,a photo of Golfing ball,Golf ball,5445
1930,a photo of Golfing ball,Golf ball,9177
1931,a photo of Golfing ball,Golf ball,9333
1932,a photo of Golfing ball,Golf ball,4971
1933,a photo of Golfing ball,Golf ball,8565
1934,a photo of Golfing ball,Golf ball,7705
1935,a photo of Golfing ball,Golf ball,5811
1936,a photo of Golfing ball,Golf ball,2511
1937,a photo of Golfing ball,Golf ball,1922
1938,a photo of Golfing ball,Golf ball,6916
1939,a photo of Golfing ball,Golf ball,3645
1940,a photo of Golfing ball,Golf ball,2085
1941,a photo of Golfing ball,Golf ball,6728
1942,a photo of Golfing ball,Golf ball,5255
1943,a photo of Golfing ball,Golf ball,7338
1944,a photo of Golfing ball,Golf ball,3231
1945,a photo of Golfing ball,Golf ball,3943
1946,a photo of Golfing ball,Golf ball,6902
1947,a photo of Golfing ball,Golf ball,9742
1948,a photo of Golfing ball,Golf ball,2305
1949,a photo of Golfing ball,Golf ball,7183
1950,a photo of Golfing ball,Golf ball,7953
1951,a photo of Golfing ball,Golf ball,4946
1952,a photo of Golfing ball,Golf ball,6807
1953,a photo of Golfing ball,Golf ball,4013
1954,a photo of Golfing ball,Golf ball,5528
1955,a photo of Golfing ball,Golf ball,9508
1956,a photo of Golfing ball,Golf ball,7312
1957,a photo of Golfing ball,Golf ball,4877
1958,a photo of Golfing ball,Golf ball,2808
1959,a photo of Golfing ball,Golf ball,2157
1960,a photo of Golfing ball,Golf ball,5577
1961,a photo of Golfing ball,Golf ball,8678
1962,a photo of Golfing ball,Golf ball,6745
1963,a photo of Golfing ball,Golf ball,5876
1964,a photo of Golfing ball,Golf ball,1839
1965,a photo of Golfing ball,Golf ball,5276
1966,a photo of Golfing ball,Golf ball,8060
1967,a photo of Golfing ball,Golf ball,9810
1968,a photo of Golfing ball,Golf ball,8280
1969,a photo of Golfing ball,Golf ball,6465
1970,a photo of Golfing ball,Golf ball,4869
1971,a photo of Golfing ball,Golf ball,6818
1972,a photo of Golfing ball,Golf ball,4516
1973,a photo of Golfing ball,Golf ball,8857
1974,a photo of Golfing ball,Golf ball,6970
1975,a photo of Golfing ball,Golf ball,3832
1976,a photo of Golfing ball,Golf ball,5248
1977,a photo of Golfing ball,Golf ball,4132
1978,a photo of Golfing ball,Golf ball,3420
1979,a photo of Golfing ball,Golf ball,4226
1980,a photo of Golfing ball,Golf ball,9915
1981,a photo of Golfing ball,Golf ball,4735
1982,a photo of Golfing ball,Golf ball,6698
1983,a photo of Golfing ball,Golf ball,3227
1984,a photo of Golfing ball,Golf ball,7317
1985,a photo of Golfing ball,Golf ball,9119
1986,a photo of Golfing ball,Golf ball,7424
1987,a photo of Golfing ball,Golf ball,4329
1988,a photo of Golfing ball,Golf ball,2662
1989,a photo of Golfing ball,Golf ball,2798
1990,a photo of Golfing ball,Golf ball,9313
1991,a photo of Golfing ball,Golf ball,6860
1992,a photo of Golfing ball,Golf ball,6346
1993,a photo of Golfing ball,Golf ball,3725
1994,a photo of Golfing ball,Golf ball,8072
1995,a photo of Golfing ball,Golf ball,5644
1996,a photo of Golfing ball,Golf ball,2499
1997,a photo of Golfing ball,Golf ball,6771
1998,a photo of Golfing ball,Golf ball,6251
1999,a photo of Golfing ball,Golf ball,8252
